rsID,Chromosome,Position_B37,Position_B38,Genes_Start_Min (B37),Genes_Start_Max (B37),Genes containig the variant,Nearby Genes,Replicated,Publications,,
rs7767084 ,6,160962503,160541471,160637794,161538417,LPA*,"PLG, SLC22A3, MAP3K4, SLC22A2",No,19198611 (Tr√©gou√´t D-A. et.al),,
rs10755578 ,6,160969738,160548706,160637794,161538417,LPA*,"PLG, SLC22A3, MAP3K4, SLC22A2",No,19198611 (Tr√©gou√´t D-A. et.al),,
 rs2048327,6,160863532,160442500,160542821,161175086,SLC22A3*,"SLC22A2, SLC22A1, LPA, PLG",Yes,23202125 (Deloukas P. et.al),,
rs142695226,3,124475201,124756354,124449213,124774802,,"UMPS, ITGB5, MUC13, HEG1",Yes,"28584231 (Verweij N. et.al), 28714975 (Nelson CP. et.al)",,
rs201477372,3,138099162,138380319,137906115,138313187,MRAS*,"MRAS, NME9, AEMC8, ESYT3, CEP70",No,28584231 (Verweij N. et.al),,
rs7500448,16,83045790,83012185,82660399,83830215,CDH13*,CDH13,Yes,"28584231 (Verweij N. et.al), 28714975 (Nelson CP. et.al), 28714974 (Klarin D. et.al), 29212778 (van der Harst P. et.al)",,
rs12619842,2,164088534,164945044,164461447,165478360,,"FIGN, GRB14",Yes,29212778 (van der Harst P. et.al),,
rs12999907,2,164957251,164100741,164461447,165478360,,"FIGN, GRB14",Yes,29212778 (van der Harst P. et.al),,
rs3936511,5,55860781,56564954,55395507,56191979,C5orf67*,"C5orf67, ANKRD55, MAP3K1",Yes,29212778 (van der Harst P. et.al),,
rs3936510,5,55860866,56565039,55395507,56191979,C5orf67*,"C5orf67, ANKRD55, MAP3K1",Yes,29212778 (van der Harst P. et.al),,
rs2843152,1,2245570,2314131,2112574,2495267,,"AX747530, BC018779, C1orf86, HES5, LOC100129534, LOC100133445, LOC115110, MORN1, PANK4, PEX10, PLCH2, RER1, SKI, TNFRSF14",Yes,29212778 (van der Harst P. et.al),,
rs36096196,1,2252205,2320766,1981908,2495267,,"AX747530, BC018779, C1orf86, HES5, LOC100129534, LOC100133445, LOC115110, MORN1, PANK4, PEX10, PLCH2, PRKCZ, RER1, SKI, TNFRSF14",Yes,29212778 (van der Harst P. et.al),,
rs10909862,1,2936815,3020251,2572806,3355185,,"ACTRT2, FLJ42875, MIR4251, PRDM16, TTC34",No,29212778 (van der Harst P. et.al),,
rs2493298,1,3325912,3409348,2985741,3652765,PRDM16*,"ARHGEF16, MEGF6, MIR551A, PRDM16*, TP73, TPRG1L, WRAP73",Yes,29212778 (van der Harst P. et.al),,
rs2493292,1,3328659,3412095,2985741,3652765,PRDM16*,"ARHGEF16, MEGF6, MIR551A, PRDM16*, TP73, TPRG1L, WRAP73",Yes,29212778 (van der Harst P. et.al),,
rs4072980,1,38456106,37990434,38181645,38680439,,"C1orf122, EPHA10, FHL3, INPP5B, LOC339442, MANEAL, MIR3659, MTF1, POU3F1, SF3A3, SNORA63, UTP11L, YRDC",Yes,29212778 (van der Harst P. et.al),,
rs61776719,1,38461319,37995647,38181645,38680439,,"C1orf122, EPHA10, FHL3, INPP5B, LOC339442, MANEAL, MIR3659, MTF1, POU3F1, SF3A3, SNORA63, UTP11L, YRDC",Yes,29212778 (van der Harst P. et.al),,
rs12748266,1,55494017,55028344,55246751,55691396,,"BSND, C1orf177, DHCR24, HP08874, LOC100507634, MIR4422, PCSK9, TMEM61, TRNA_Lys, TTC22, USP24",Yes,29212778 (van der Harst P. et.al),,
rs11206510,1,55496039,55030366,55246751,55691396,,"BSND, C1orf177, DHCR24, HP08874, LOC100507634, MIR4422, PCSK9, TMEM61, TRNA_Lys, TTC22, USP24",Yes,"19198609 (Kathiresan S. et.al), 21378990 (Schunkert H. et.al), 21378988 (C4D Genetics Consortium. et.al), 23202125 (Deloukas P. et.al), 26343387 (Nikplay M. et.al), 26934567 (Stitziel NO. et.al), 28530674 (Howson JMM. et.al), 28714975 (Nelson CP. et.al), 26934567 (MI Genetics and CARDIoGRAM. et.al)",,
rs11591147,1,55505647,55039974,55246751,55691396,PCSK9*,"BSND, C1orf177, DHCR24, HP08874, LOC100507634, MIR4422, PCSK9*, TMEM61, TRNA_Lys, TTC22, USP24",Yes,"26934567 (Stitziel NO. et.al), 28584231 (Verweij N. et.al), 29212778 (van der Harst P. et.al), 26934567 (MI Genetics and CARDIoGRAM. et.al)",,
rs17114036,1,56962821,56497149,56960418,57285369,PPAP2B*,"C1orf168, PPAP2B*, PRKAA2",Yes,"21378990 (Schunkert H. et.al), 23202125 (Deloukas P. et.al), 26343387 (Nikplay M. et.al), 28530674 (Howson JMM. et.al), 28714975 (Nelson CP. et.al)",,
rs9970807,1,56965664,56499992,56960418,57285369,PPAP2B*,"C1orf168, PPAP2B*, PRKAA2",Yes,"28584231 (Verweij N. et.al), 29212778 (van der Harst P. et.al)",,
rs17114046,1,56966350,56500678,56960418,57285369,PPAP2B*,"C1orf168, PPAP2B*, PRKAA2",Yes,29212778 (van der Harst P. et.al),,
rs147055617,1,56986303,56520631,56960418,57285369,PPAP2B*,"C1orf168, PPAP2B*, PRKAA2",Yes,29212778 (van der Harst P. et.al),,
rs4634932,1,56996191,56530519,56960418,57285369,PPAP2B*,"C1orf168, PPAP2B*, PRKAA2",Yes,29212778 (van der Harst P. et.al),,
rs61772618,1,56998485,56532813,56960418,57285369,PPAP2B*,"C1orf168, PPAP2B*, PRKAA2",No,28584231 (Verweij N. et.al),,
rs17416285,1,57020650,56554977,56960418,57285369,PPAP2B*,"C1orf168, PPAP2B*, PRKAA2",Yes,29212778 (van der Harst P. et.al),,
rs7528419,1,109817192,109274570,109512837,110052336,CELSR2*,"AMIGO1, ATXN7L2, C1orf194, CELSR2*, CYB561D1, FW340027, KIAA1324, MYBPHL, PSMA5, PSRC1, SARS, SCARNA2, SORT1, SYPL2, TAF13, TMEM167B, WDR47",No,28584231 (Verweij N. et.al),,
rs12740374,1,109817590,109274968,109512837,110052336,CELSR2*,"AMIGO1, ATXN7L2, C1orf194, CELSR2*, CYB561D1, FW340027, KIAA1324, MYBPHL, PSMA5, PSRC1, SARS, SCARNA2, SORT1, SYPL2, TAF13, TMEM167B, WDR47",Yes,29212778 (van der Harst P. et.al),,
rs646776,1,109818530,109275908,109512837,110052336,,"AMIGO1, ATXN7L2, C1orf194, CELSR2, CYB561D1, FW340027, KIAA1324, MYBPHL, PSMA5, PSRC1, SARS, SCARNA2, SORT1, SYPL2, TAF13, TMEM167B, WDR47",Yes,"19198609 (Kathiresan S. et.al), 21378988 (C4D Genetics Consortium. et.al), 26343387 (Nikplay M. et.al), 28714975 (Nelson CP. et.al)",,
rs602633,1,109821511,109278889,109512837,110052336,,"AMIGO1, ATXN7L2, C1orf194, CELSR2, CYB561D1, FW340027, KIAA1324, MYBPHL, PSMA5, PSRC1, SARS, SCARNA2, SORT1, SYPL2, TAF13, TMEM167B, WDR47",Yes,"23202125 (Deloukas P. et.al), 28530674 (Howson JMM. et.al), 29212778 (van der Harst P. et.al)",,
rs599839,1,109822166,109279544,109512837,110052336,,"AMIGO1, ATXN7L2, C1orf194, CELSR2, CYB561D1, FW340027, KIAA1324, MYBPHL, PSMA5, PSRC1, SARS, SCARNA2, SORT1, SYPL2, TAF13, TMEM167B, WDR47",Yes,"17634449 (Samani NJ. et.al), 21378990 (Schunkert H. et.al), 28530674 (Howson JMM. et.al)",,
rs11806316,1,115753482,115210861,115397454,115880857,,"NGF, SYCP1, TSHB, TSPAN2",Yes,29212778 (van der Harst P. et.al),,
rs10858079,1,115899071,115356450,115828536,115880857,,NGF,Yes,29212778 (van der Harst P. et.al),,
rs4845570,1,151759104,151786628,151483861,152015250,TDRKH*,"AC2, BC038201, BC127854, C2CD4D, CELF3, CGN, LINGO4, LOC100132111, MIR554, MRPL9, OAZ3, RIIAD1, RORC, S100A10, S100A11, SNX27, TDRKH*, THEM4, THEM5, TUFT1",Yes,29212778 (van der Harst P. et.al),,
rs11810571,1,151762308,151789832,151512780,152015250,TDRKH*,"AC2, BC038201, BC127854, C2CD4D, CELF3, LINGO4, LOC100132111, MIR554, MRPL9, OAZ3, RIIAD1, RORC, S100A10, S100A11, SNX27, TDRKH*, THEM4, THEM5, TUFT1",Yes,"28584231 (Verweij N. et.al), 28714975 (Nelson CP. et.al), 29212778 (van der Harst P. et.al)",,
rs11204892,1,151768048,151795572,151512780,152015250,,"AC2, BC038201, BC127854, C2CD4D, CELF3, LINGO4, LOC100132111, MIR554, MRPL9, OAZ3, RIIAD1, RORC, S100A10, S100A11, SNX27, TDRKH, THEM4, THEM5, TUFT1",No,29212778 (van der Harst P. et.al),,
rs6689306,1,154395946,154423470,154134288,154580724,IL6R*,"ADAR, AQP10, ATP8B2, C1orf189, C1orf43, CHRNB2, HAX1, IL6R*, MIR190B, SHE, SNORA58, TDRD10, TPM3, UBAP2L, UBE2Q1",No,28584231 (Verweij N. et.al),,
rs4845625,1,154422067,154449591,154171561,154842754,IL6R*,"ADAR, AQP10, ATP8B2, C1orf189, C1orf43, CHRNB2, HAX1, IL6R*, KCNN3, SHE, SNORA58, TDRD10, UBAP2L, UBE2Q1",Yes,"23202125 (Deloukas P. et.al), 26343387 (Nikplay M. et.al), 28530674 (Howson JMM. et.al), 28714975 (Nelson CP. et.al), 29212778 (van der Harst P. et.al)",,
rs12133641,1,154428283,154455807,154171561,154842754,IL6R*,"ADAR, AQP10, ATP8B2, C1orf189, C1orf43, CHRNB2, HAX1, IL6R*, KCNN3, SHE, SNORA58, TDRD10, UBAP2L, UBE2Q1",Yes,29212778 (van der Harst P. et.al),,
rs1892094,1,169094459,169125221,169075946,169365780,ATP1B1*,"ATP1B1*, BLZF1, NME7",Yes,"28530674 (Howson JMM. et.al), 29212778 (van der Harst P. et.al)",,
rs6700559,1,200646073,200676945,200380927,200884864,,"C1orf106, CAMSAP2, DDX59, EU250746, GPR25, KIF14",Yes,"28530674 (Howson JMM. et.al), 29212778 (van der Harst P. et.al)",,
rs2820315,1,201872264,201903136,201617449,202130716,LMOD1*,"ARL8A, ELF3, GPR37L1, IPO9, LMOD1*, MIR1231, MIR5191, NAV1, PTPN7, RNPEP, SHISA4, TIMM17A",Yes,"28530674 (Howson JMM. et.al), 29212778 (van der Harst P. et.al)",,
rs60154123,1,210468999,210295654,210111518,210849638,,"HHAT, SERTAD4, SERTAD4-AS1, SYT14",Yes,29212778 (van der Harst P. et.al),,
rs17464857,1,222762709,222589367,222638346,223179337,TAF1A*,"AIDA, AK025140, AK094916, BROX, DISP1, DQ573170, DQ574659, DQ575983, DQ576410, DQ584609, DQ584971, DQ584993, DQ587965, DQ597892, DQ599872, DQ600234, FAM177B, HHIPL2, MIA3, TAF1A*, TRNA_Thr",Yes,"23202125 (Deloukas P. et.al), 26343387 (Nikplay M. et.al), 28714975 (Nelson CP. et.al)",,
rs17011666,1,222798965,222625623,222638346,223179337,MIA3*,"AIDA, AK025140, AK094916, BROX, DISP1, DQ573170, DQ574659, DQ575983, DQ576410, DQ584609, DQ584971, DQ584993, DQ587965, DQ597892, DQ599872, DQ600234, FAM177B, HHIPL2, MIA3*, TAF1A, TRNA_Thr",No,21378988 (C4D Genetics Consortium. et.al),,
rs2133189,1,222814442,222641100,222638346,223179337,MIA3*,"AIDA, AK025140, AK094916, BROX, DISP1, DQ573170, DQ574659, DQ575983, DQ576410, DQ584609, DQ584971, DQ584993, DQ587965, DQ597892, DQ599872, DQ600234, FAM177B, HHIPL2, MIA3*, TAF1A, TRNA_Thr",No,19198612 (Erdmann J. et.al),,
rs17465637,1,222823529,222650187,222638346,223179337,MIA3*,"AIDA, AK025140, AK094916, BROX, DISP1, DQ573170, DQ574659, DQ575983, DQ576410, DQ584609, DQ584971, DQ584993, DQ587965, DQ597892, DQ599872, DQ600234, FAM177B, HHIPL2, MIA3*, TAF1A, TRNA_Thr",Yes,"17634449 (Samani NJ. et.al), 19198609 (Kathiresan S. et.al), 19198612 (Erdmann J. et.al), 21378990 (Schunkert H. et.al), 26343387 (Nikplay M. et.al), 28530674 (Howson JMM. et.al), 28714975 (Nelson CP. et.al), 29212778 (van der Harst P. et.al)",,
rs67180937,1,222823743,222650401,222638346,223179337,MIA3*,"AIDA, AK025140, AK094916, BROX, DISP1, DQ573170, DQ574659, DQ575983, DQ576410, DQ584609, DQ584971, DQ584993, DQ587965, DQ597892, DQ599872, DQ600234, FAM177B, HHIPL2, MIA3*, TAF1A, TRNA_Thr",Yes,"28584231 (Verweij N. et.al), 29212778 (van der Harst P. et.al)",,
rs35158675,1,222829550,222656208,222638346,223179337,MIA3*,"AIDA, AK025140, AK094916, BROX, DISP1, DQ573170, DQ574659, DQ575983, DQ576410, DQ584609, DQ584971, DQ584993, DQ587965, DQ597892, DQ599872, DQ600234, FAM177B, HHIPL2, MIA3*, TAF1A, TRNA_Thr",No,29212778 (van der Harst P. et.al),,
rs17465982,1,222837939,222664597,222638346,223179337,MIA3*,"AIDA, AK025140, AK094916, BROX, DISP1, DQ573170, DQ574659, DQ575983, DQ576410, DQ584609, DQ584971, DQ584993, DQ587965, DQ597892, DQ599872, DQ600234, FAM177B, HHIPL2, MIA3*, TAF1A, TRNA_Thr",Yes,29212778 (van der Harst P. et.al),,
rs699,1,230845794,230710048,230778201,231114618,AGT*,"AGT*, BC032911, C1orf198, CAPN9, COG2, TTC13",Yes,29212778 (van der Harst P. et.al),,
rs16986953,2,19942473,19742712,20068614,20212455,,"LINC00954, MATN3, TTC32, WDR35",Yes,"26343387 (Nikplay M. et.al), 28530674 (Howson JMM. et.al), 28584231 (Verweij N. et.al), 28714975 (Nelson CP. et.al), 29212778 (van der Harst P. et.al)",,
rs2123536,2,19945577,19745816,20068614,20212455,,"LINC00954, MATN3, TTC32, WDR35",No,22751097 (Lu X. et.al),,
rs515135,2,21286057,21063185,21224300,21266945,,APOB,Yes,"23202125 (Deloukas P. et.al), 26343387 (Nikplay M. et.al), 28530674 (Howson JMM. et.al), 28584231 (Verweij N. et.al), 28714975 (Nelson CP. et.al), 29212778 (van der Harst P. et.al)",,
rs562338,2,21288321,21065449,21224300,21266945,,APOB,Yes,29212778 (van der Harst P. et.al),,
rs668948,2,21291529,21068657,21224300,21266945,,APOB,Yes,29212778 (van der Harst P. et.al),,
rs10221742,2,21419650,21196778,21224300,21266945,,APOB,Yes,29212778 (van der Harst P. et.al),,
rs4299376,2,44072576,43845437,43457974,44223144,ABCG8*,"7SK, ABCG5, ABCG8*, DYNC2LI1, LOC728819, LRPPRC, PLEKHH2, THADA",Yes,29212778 (van der Harst P. et.al),,
rs6544713,2,44073881,43846742,43864438,44223144,ABCG8*,"7SK, ABCG5, ABCG8*, DYNC2LI1, LOC728819, LRPPRC, PLEKHH2",Yes,"23202125 (Deloukas P. et.al), 26343387 (Nikplay M. et.al), 28530674 (Howson JMM. et.al), 28714975 (Nelson CP. et.al), 29212778 (van der Harst P. et.al)",,
rs4076834,2,44081627,43854488,43864438,44223144,ABCG8*,"7SK, ABCG5, ABCG8*, DYNC2LI1, LOC728819, LRPPRC, PLEKHH2",No,28584231 (Verweij N. et.al),,
rs582384,2,45896437,45669298,45615818,46415129,PRKCE*,"Mir_186, PRKCE*, SRBD1, TRNA_Pseudo",Yes,29212778 (van der Harst P. et.al),,
rs2166529,2,85742175,85515052,85360582,86018506,,"ATOH8, C2orf68, CAPG, ELMOD3, GGCX, GNLY, LOC100630918, MAT2A, RETSAT, RNF181, SFTPB, SH2D6, TCF7L1, TGOLN2, TMEM150A, U1, USP39, VAMP5, VAMP8, Y_RNA",Yes,29212778 (van der Harst P. et.al),,
rs6743030,2,85763520,85536397,85360582,86018506,,"ATOH8, C2orf68, CAPG, ELMOD3, GGCX, GNLY, LOC100630918, MAT2A, RETSAT, RNF181, SFTPB, SH2D6, TCF7L1, TGOLN2, TMEM150A, U1, USP39, VAMP5, VAMP8, Y_RNA",No,29212778 (van der Harst P. et.al),,
rs7568458,2,85788175,85561052,85545140,86018506,GGCX*,"ATOH8, C2orf68, CAPG, ELMOD3, GGCX*, GNLY, LOC100630918, MAT2A, RETSAT, RNF181, SFTPB, SH2D6, TGOLN2, TMEM150A, U1, USP39, VAMP5, VAMP8, Y_RNA",No,28584231 (Verweij N. et.al),,
rs1561198,2,85809989,85582866,85569077,86053911,,"ATOH8, C2orf68, CAPG, ELMOD3, GGCX, GNLY, LOC100630918, LOC284950, MAT2A, RETSAT, RNF181, SFTPB, SH2D6, TMEM150A, U1, USP39, VAMP5, VAMP8, Y_RNA",Yes,"23202125 (Deloukas P. et.al), 26343387 (Nikplay M. et.al), 28530674 (Howson JMM. et.al), 28714975 (Nelson CP. et.al), 29212778 (van der Harst P. et.al)",,
rs6740731,2,145270592,144513025,144703580,145834291,ZEB2*,"GTDC1, TEX41, VIS1, ZEB2*, ZEB2_AS1_1, ZEB2-AS1, ZEB2_AS1_3, ZEB2_AS1_4",Yes,29212778 (van der Harst P. et.al),,
rs17678683,2,145286559,144528992,144703580,145834291,,"GTDC1, TEX41, VIS1, ZEB2, ZEB2_AS1_1, ZEB2-AS1, ZEB2_AS1_3, ZEB2_AS1_4",No,29212778 (van der Harst P. et.al),,
rs2252641,2,145801461,145043894,145425533,145910072,"TEX41*, U80770*","TEX41*, U80770*",Yes,"23202125 (Deloukas P. et.al), 26343387 (Nikplay M. et.al), 28530674 (Howson JMM. et.al), 28714975 (Nelson CP. et.al), 29212778 (van der Harst P. et.al)",,
rs78809153,2,145805251,145047684,145425533,145910072,"TEX41*, U80770*","TEX41*, U80770*",No,28584231 (Verweij N. et.al),,
rs7604735,2,145839655,145082088,145425533,145910072,U80770*,"TEX41, U80770*",Yes,29212778 (van der Harst P. et.al),,
rs840616,2,188196469,187331742,188206689,188419219,,"CALCRL, TFPI",Yes,29212778 (van der Harst P. et.al),,
rs6725887,2,203745885,202881162,203499900,204082717,WDR12*,"ALS2CR8, FAM117B, ICA1L, NBEAL1, WDR12*",Yes,"21378990 (Schunkert H. et.al), 21378988 (C4D Genetics Consortium. et.al), 23202125 (Deloukas P. et.al), 26343387 (Nikplay M. et.al), 28530674 (Howson JMM. et.al), 28714975 (Nelson CP. et.al)",,
rs35212307,2,203765756,202901033,203499900,204082717,WDR12*,"ALS2CR8, FAM117B, ICA1L, NBEAL1, WDR12*",Yes,29212778 (van der Harst P. et.al),,
rs6728861,2,203873743,203009020,203499900,204170563,,"ALS2CR8, CYP20A1, FAM117B, ICA1L, NBEAL1, WDR12",No,29212778 (van der Harst P. et.al),,
rs115654617,2,203893999,203029276,203637872,204170563,NBEAL1*,"ALS2CR8, CYP20A1, ICA1L, NBEAL1*, WDR12",Yes,"28584231 (Verweij N. et.al), 29212778 (van der Harst P. et.al)",,
rs72934535,2,203968973,203104250,203637872,204296892,NBEAL1*,"ABI2, ALS2CR8, CYP20A1, ICA1L, NBEAL1*, WDR12",Yes,29212778 (van der Harst P. et.al),,
rs17517928,2,216291359,215426636,216176678,216708259,FN1*,"ATIC, FN1*, LINC00607",Yes,"28714974 (Klarin D. et.al), 29212778 (van der Harst P. et.al)",,
rs1250259,2,216300482,215435759,216176678,216708259,FN1*,"ATIC, FN1*, LINC00607",Yes,29212778 (van der Harst P. et.al),,
rs1250229,2,216304384,215439661,216176678,216708259,,"ATIC, FN1, LINC00607",Yes,"28714975 (Nelson CP. et.al), 29212778 (van der Harst P. et.al)",,
rs1250255,2,216316487,215451764,216176678,216708259,,"ATIC, FN1, LINC00607",Yes,29212778 (van der Harst P. et.al),,
rs61741262,2,218669225,217804502,218148745,218808796,TNS1*,"DIRC3, TNS1*",Yes,29212778 (van der Harst P. et.al),,
rs918949,2,218674697,217809974,218148745,218926013,TNS1*,"CXCR2P1, DIRC3, TNS1*",Yes,29212778 (van der Harst P. et.al),,
rs2571445,2,218683154,217818431,218148745,218926013,TNS1*,"CXCR2P1, DIRC3, TNS1*",Yes,"28530674 (Howson JMM. et.al), 29212778 (van der Harst P. et.al)",,
rs112941127,2,218733965,217869242,218148745,218955304,TNS1*,"CXCR2P1, DIRC3, RUFY4, TNS1*",Yes,29212778 (van der Harst P. et.al),,
rs13423088,2,227026864,226162148,227007509,227044778,LOC646736*,LOC646736*,Yes,29212778 (van der Harst P. et.al),,
rs2943634,2,227068080,226203364,227007509,227044778,,LOC646736,Yes,"17634449 (Samani NJ. et.al), 29212778 (van der Harst P. et.al)",,
rs2972146,2,227100698,226235982,227007509,227044778,,LOC646736,No,28714974 (Klarin D. et.al),,
rs1801251,2,233633460,232768750,233385172,233877951,"GIGYF2*, KCNJ13*","AX748196, C2orf82, CHRND, CHRNG, EFHD1, EIF4E2, GIGYF2*, KCNJ13*, Metazoa_SRP, NGEF, PRSS56, TIGD1",Yes,"28209224 (Webb TR. et.al), 28714975 (Nelson CP. et.al), 29212778 (van der Harst P. et.al)",,
rs1405130,2,235563692,234655048,235361542,235797446,,"AF279775, ARL4C, AX748264",Yes,29212778 (van der Harst P. et.al),,
rs11677932,2,238223955,237315312,237968076,238463961,,"AK056246, COL6A3, COPS8, MLPH",Yes,29212778 (van der Harst P. et.al),,
rs1077534,3,14877574,14836067,14693252,15140655,FGD5*,"C3orf20, CCDC174, FGD5*, FGD5-AS1, MRPS25, NR2C2, ZFYVE20",Yes,29212778 (van der Harst P. et.al),,
rs13079221,3,14901525,14860018,14693252,15140655,FGD5*,"C3orf20, CCDC174, FGD5*, FGD5-AS1, MRPS25, NR2C2, ZFYVE20",Yes,29212778 (van der Harst P. et.al),,
rs34991912,3,14926351,14884844,14693252,15140655,FGD5*,"C3orf20, CCDC174, FGD5*, FGD5-AS1, MRPS25, NR2C2, ZFYVE20",No,29212778 (van der Harst P. et.al),,
rs748431,3,14928077,14886570,14693252,15140655,FGD5*,"C3orf20, CCDC174, FGD5*, FGD5-AS1, MRPS25, NR2C2, ZFYVE20",No,28714974 (Klarin D. et.al),,
rs148880716,3,14964637,14923130,14716605,15140655,"FGD5*, FGD5-AS1*","C3orf20, FGD5*, FGD5-AS1*, FGD5-AS1, MRPS25, NR2C2, ZFYVE20",Yes,29212778 (van der Harst P. et.al),,
rs112043140,3,46585022,46543532,46395234,46786280,LRRC2*,"ALS2CL, CCR2, CCR5, CCRL2, LOC100132146, LRRC2*, LRRC2-AS1, LTF, PRSS45, PRSS46, PRSS50, RTP3, TDGF1, TMIE",No,29212778 (van der Harst P. et.al),,
rs7633770,3,46688562,46647072,46448720,46945289,,"ALS2CL, CCRL2, LOC100132146, LRRC2, LRRC2-AS1, LTF, MYL3, PRSS42, PRSS45, PRSS46, PRSS50, PTH1R, RTP3, TDGF1, TMIE",Yes,29212778 (van der Harst P. et.al),,
rs7617773,3,48193515,48152025,47892179,48436190,,"CAMP, CDC25A, FBXW12, MAP4, Metazoa_SRP, MIR4443, NME6, SPINK8, ZNF589",Yes,29212778 (van der Harst P. et.al),,
rs73082363,3,49130378,49092945,48788092,49377536,QRICH1*,"AK127190, ARIH2, ARIH2OS, C3orf62, CCDC36, CCDC71, DALRD3, IMPDH2, KLHDC8B, LAMB2, LAMB2P1, LOC646498, MIR191, MIR425, MIR4271, NDUFAF3, P4HTM, PRKAR2A, QARS, QRICH1*, SLC25A20, USP19, USP4, WDR6",Yes,29212778 (van der Harst P. et.al),,
rs7623687,3,49448566,49411133,49199967,49708982,RHOA*,"AMT, BSN, BSN-AS2, C3orf62, CCDC36, CCDC71, DAG1, GPX1, KLHDC8B, LOC646498, MIR4271, NICN1, RHOA*, TCTA, USP4",Yes,"28584231 (Verweij N. et.al), 28714975 (Nelson CP. et.al), 28714974 (Klarin D. et.al), 29212778 (van der Harst P. et.al)",,
rs77347777,3,52848207,52814191,52579367,53080089,ITIH4*,"AX746575, GLT8D1, GNL3, ITIH1, ITIH3, ITIH4*, NEK4, PBRM1, SFMBT1, SNORD19, SNORD19B, SNORD69, SPCS1, TMEM110-MUSTN1",Yes,29212778 (van der Harst P. et.al),,
rs4678145,3,124450081,124731234,123813557,124774802,UMPS*,"HEG1, ITGB5, KALRN, MUC13, UMPS*",Yes,29212778 (van der Harst P. et.al),,
rs17843797,3,124453022,124734175,123813557,124774802,UMPS*,"HEG1, ITGB5, KALRN, MUC13, UMPS*",Yes,"28714974 (Klarin D. et.al), 29212778 (van der Harst P. et.al)",,
rs10512861,3,132257961,132539117,132036210,132593050,,"ACPP, CCRL1, DNAJC13, NPHP3, NPHP3-AS1, UBA5",Yes,29212778 (van der Harst P. et.al),,
rs73222236,3,135888642,136169800,135684514,136471245,MSL2*,"MSL2*, PCCB, PPP2R3A, STAG1",Yes,29212778 (van der Harst P. et.al),,
rs667920,3,136069472,136350630,135684514,136471245,STAG1*,"MSL2, PCCB, PPP2R3A, STAG1*",Yes,29212778 (van der Harst P. et.al),,
rs655720,3,136103267,136384425,135684514,136471245,STAG1*,"MSL2, PCCB, PPP2R3A, STAG1*",Yes,29212778 (van der Harst P. et.al),,
rs1199338,3,138087467,138368625,137842559,138352213,MRAS*,"A4GNT, ARMC8, CEP70, DBR1, ESYT3, FAIM, MRAS*, NME9",No,21378988 (C4D Genetics Consortium. et.al),,
rs185244,3,138092889,138374047,137842559,138352213,MRAS*,"A4GNT, ARMC8, CEP70, DBR1, ESYT3, FAIM, MRAS*, NME9",Yes,29212778 (van der Harst P. et.al),,
rs2306374,3,138119952,138401110,137879829,138352213,MRAS*,"ARMC8, CEP70, DBR1, ESYT3, FAIM, MRAS*, NME9",Yes,"21378990 (Schunkert H. et.al), 29212778 (van der Harst P. et.al)",,
rs3732837,3,138121920,138403078,137879829,138478201,MRAS*,"ARMC8, CEP70, DBR1, ESYT3, FAIM, MRAS*, NME9, PIK3CB",Yes,29212778 (van der Harst P. et.al),,
rs9818870,3,138122122,138403280,137879829,138478201,MRAS*,"ARMC8, CEP70, DBR1, ESYT3, FAIM, MRAS*, NME9, PIK3CB",Yes,"19198612 (Erdmann J. et.al), 23202125 (Deloukas P. et.al), 26343387 (Nikplay M. et.al), 28530674 (Howson JMM. et.al), 28714975 (Nelson CP. et.al)",,
rs11925809,3,153737122,154019333,153742189,153975616,,"ARHGEF26, ARHGEF26-AS1",Yes,29212778 (van der Harst P. et.al),,
rs12493885,3,153839866,154122077,153742189,154147504,ARHGEF26*,"ARHGEF26*, ARHGEF26-AS1, DHX36, GPR149",Yes,"28714975 (Nelson CP. et.al), 28714974 (Klarin D. et.al), 29212778 (van der Harst P. et.al)",,
rs433903,3,153980130,154262341,153742189,154147504,,"ARHGEF26, ARHGEF26-AS1, DHX36, GPR149",No,28584231 (Verweij N. et.al),,
rs701145,3,154054799,154337010,153742189,154147504,,"ARHGEF26, ARHGEF26-AS1, DHX36, GPR149",Yes,29212778 (van der Harst P. et.al),,
rs789294,3,154057741,154339952,153742189,154147504,GPR149*,"ARHGEF26, ARHGEF26-AS1, DHX36, GPR149*",No,29212778 (van der Harst P. et.al),,
rs4266144,3,156852592,157134803,156544095,157221136,,"CCNL1, LEKR1, LINC00880, LINC00881, VEPH1",Yes,29212778 (van der Harst P. et.al),,
rs12897,3,172115902,172398112,171757417,172429008,FNDC3B*,"AK127557, FNDC3B*, GHSR, GU289929, NCEH1, TNFSF10",Yes,29212778 (van der Harst P. et.al),,
rs16844401,4,3449652,3447925,3076407,3679582,HGFAC*,"DOK7, HGFAC*, HTT, LINC00955, LOC100133461, LRPAP1, MSANTD1, RGS12",Yes,29212778 (van der Harst P. et.al),,
rs17081933,4,57822869,56956703,57676025,58071465,,"IGFBP7, LOC255130, NOA1, POLR2B, REST, SPINK2, U6",No,29212778 (van der Harst P. et.al),,
rs17087335,4,57838583,56972417,57676025,58071465,NOA1*,"IGFBP7, LOC255130, NOA1*, POLR2B, REST, SPINK2, U6",Yes,"26343387 (Nikplay M. et.al), 28584231 (Verweij N. et.al), 28714975 (Nelson CP. et.al)",,
rs57265257,4,57839280,56973114,57676025,58071465,NOA1*,"IGFBP7, LOC255130, NOA1*, POLR2B, REST, SPINK2, U6",Yes,29212778 (van der Harst P. et.al),,
rs12500824,4,77416627,76495474,77172852,77704405,SHROOM3*,"CCDC158, FAM47E, MIR4450, SHROOM3*, STBD1, U7",Yes,29212778 (van der Harst P. et.al),,
rs13106227,4,77418681,76497528,77172852,77704405,SHROOM3*,"CCDC158, FAM47E, MIR4450, SHROOM3*, STBD1, U7",Yes,29212778 (van der Harst P. et.al),,
rs10857147,4,81181072,80259918,80898661,81884910,,"ANTXR2, C4orf22, FGF5, PRDM8",Yes,"28584231 (Verweij N. et.al), 28714975 (Nelson CP. et.al), 28714974 (Klarin D. et.al), 29212778 (van der Harst P. et.al)",,
rs16998073,4,81184341,80263187,80898661,81884910,,"ANTXR2, C4orf22, FGF5, PRDM8",Yes,29212778 (van der Harst P. et.al),,
rs11099493,4,82587050,81665896,82348218,82393061,,RASGEF1B,Yes,29212778 (van der Harst P. et.al),,
rs3775058,4,96117371,95196220,95972829,96470361,UNC5C*,"BMPR1B, UNC5C*",Yes,29212778 (van der Harst P. et.al),,
rs11723436,4,120901336,119980181,120720260,120988013,,"BC038750, MAD2L1",Yes,"28584231 (Verweij N. et.al), 29212778 (van der Harst P. et.al)",,
rs7678555,4,120909501,119988346,120720260,120988013,,"BC038750, MAD2L1",Yes,"28714975 (Nelson CP. et.al), 28714974 (Klarin D. et.al), 29212778 (van der Harst P. et.al)",,
rs35879803,4,146782837,145861685,146540539,147043065,ZNF827*,"C4orf51, LOC100505545, MMAA, Y_RNA, ZNF827*",No,28584231 (Verweij N. et.al),,
rs4593108,4,148281001,147359849,148402068,148466106,,EDNRA,Yes,29212778 (van der Harst P. et.al),,
rs6810798,4,148290818,147369666,148402068,148556672,,"EDNRA, TMEM184C",Yes,29212778 (van der Harst P. et.al),,
rs17612693,4,148365339,147444187,148402068,148605280,,"EDNRA, PRMT10, TMEM184C",Yes,29212778 (van der Harst P. et.al),,
rs1878406,4,148393664,147472512,148402068,148605280,,"EDNRA, PRMT10, TMEM184C",Yes,"23202125 (Deloukas P. et.al), 26343387 (Nikplay M. et.al), 28530674 (Howson JMM. et.al), 28714975 (Nelson CP. et.al)",,
rs6842241,4,148400819,147479667,148402068,148605280,,"EDNRA, PRMT10, TMEM184C",Yes,29212778 (van der Harst P. et.al),,
rs6841581,4,148401190,147480038,148402068,148605280,,"EDNRA, PRMT10, TMEM184C",No,29212778 (van der Harst P. et.al),,
rs17612742,4,148414651,147493499,148402068,148993927,EDNRA*,"ARHGAP10, EDNRA*, PRMT10, TMEM184C",No,28584231 (Verweij N. et.al),,
rs2880099,4,156432368,155511216,156263811,156728783,,"GUCY1A3, GUCY1B3, MAP9, TRNA_Leu, TRNA_Pseudo",Yes,29212778 (van der Harst P. et.al),,
rs13118820,4,156436517,155515365,156263811,156728783,,"GUCY1A3, GUCY1B3, MAP9, TRNA_Leu, TRNA_Pseudo",Yes,29212778 (van der Harst P. et.al),,
rs1842896,4,156511459,155590307,156263811,156787425,,"ASIC5, GUCY1A3, GUCY1B3, MAP9, TRNA_Leu, TRNA_Pseudo",No,22751097 (Lu X. et.al),,
rs13131930,4,156614184,155693032,156383887,156875048,GUCY1A3*,"ASIC5, CTSO, GUCY1A3*, GUCY1B3, TDO2, TRNA_Leu, TRNA_Pseudo",Yes,29212778 (van der Harst P. et.al),,
rs7692387,4,156635309,155714157,156587861,156875048,GUCY1A3*,"ASIC5, CTSO, GUCY1A3*, GUCY1B3, TDO2",Yes,"23202125 (Deloukas P. et.al), 26343387 (Nikplay M. et.al), 28530674 (Howson JMM. et.al), 28714975 (Nelson CP. et.al), 29212778 (van der Harst P. et.al)",,
rs72689147,4,156639888,155718736,156587861,156875048,GUCY1A3*,"ASIC5, CTSO, GUCY1A3*, GUCY1B3, TDO2",No,28584231 (Verweij N. et.al),,
rs7696431,4,169687725,168766574,169418216,169931468,PALLD*,"CBR4, PALLD*, Y_RNA",Yes,29212778 (van der Harst P. et.al),,
rs112941079,5,9546098,9545986,9035137,9903936,SEMA5A*,"5S_rRNA, LOC100505806, LOC285692, SEMA5A*, SNORD123, TAS2R1",No,29212778 (van der Harst P. et.al),,
rs17263917,5,9552338,9552226,9035137,9903936,,"5S_rRNA, LOC100505806, LOC285692, SEMA5A, SNORD123, TAS2R1",Yes,29212778 (van der Harst P. et.al),,
rs1508798,5,9556694,9556582,9035137,9903936,,"5S_rRNA, LOC100505806, LOC285692, SEMA5A, SNORD123, TAS2R1",Yes,29212778 (van der Harst P. et.al),,
rs832540,5,56199202,56903375,56110899,56247954,,"MAP3K1, MIER3, SETD9",Yes,29212778 (van der Harst P. et.al),,
rs113075218,5,121361750,122026055,121187649,121518358,SRFBP1*,"FTMT, LOC100505841, LOX, SRFBP1*, ZNF474",Yes,29212778 (van der Harst P. et.al),,
rs1800449,5,121413208,122077513,121187649,121799794,LOX*,"FTMT, LOC100505841, LOX*, SNCAIP, SRFBP1, ZNF474",No,28714974 (Klarin D. et.al),,
rs273909,5,131667353,132331660,131528303,131980313,"LOC553103*, SLC22A4*","BC030525, BC045788, C5orf56, IL5, IRF1, LOC553103*, LOC553103, MIR3936, Mir_584, P4HA2, PDLIM4, RAD50, SLC22A4*, SLC22A5",Yes,"23202125 (Deloukas P. et.al), 26343387 (Nikplay M. et.al), 28530674 (Howson JMM. et.al), 28714975 (Nelson CP. et.al), 29212778 (van der Harst P. et.al)",,
rs246600,5,142516897,143137332,142150291,142784045,ARHGAP26*,"ARHGAP26*, JB162171, NR3C1",Yes,"28530674 (Howson JMM. et.al), 29212778 (van der Harst P. et.al)",,
rs62390615,6,1616265,1616030,1390068,2245868,,"AK024936, BC087858, DD413621, FOXC1, FOXF2, GMDS",Yes,29212778 (van der Harst P. et.al),,
rs9501744,6,1617143,1616908,1390068,2245868,,"AK024936, BC087858, DD413621, FOXC1, FOXF2, GMDS",Yes,29212778 (van der Harst P. et.al),,
rs6903956,6,11774583,11774350,11538459,12165232,ADTRP*,"ADTRP*, HIVEP1, SNORA67, TMEM170B",Yes,"26343387 (Nikplay M. et.al), 28714975 (Nelson CP. et.al)",,
rs1412748,6,12756658,12756426,12717036,13288075,PHACTR1*,PHACTR1*,No,28584231 (Verweij N. et.al),,
rs1332844,6,12889004,12888772,12717036,13288075,PHACTR1*,PHACTR1*,No,21378988 (C4D Genetics Consortium. et.al),,
rs9369640,6,12901441,12901209,12717036,13288075,PHACTR1*,PHACTR1*,No,23202125 (Deloukas P. et.al),,
rs9349379,6,12903957,12903725,12717036,13288075,PHACTR1*,PHACTR1*,Yes,"22751097 (Lu X. et.al), 28530674 (Howson JMM. et.al), 28584231 (Verweij N. et.al), 29212778 (van der Harst P. et.al)",,
rs12526453,6,12927544,12927312,12717036,13288075,PHACTR1*,PHACTR1*,Yes,"19198609 (Kathiresan S. et.al), 21378990 (Schunkert H. et.al), 26343387 (Nikplay M. et.al), 28530674 (Howson JMM. et.al), 28714975 (Nelson CP. et.al)",,
rs35541991,6,22583857,22583628,22569677,22570750,,HDGFL1,No,28584231 (Verweij N. et.al),,
rs2876643,6,22591525,22591296,22569677,22570750,,HDGFL1,Yes,29212778 (van der Harst P. et.al),,
rs7766436,6,22598259,22598030,22569677,22570750,,HDGFL1,Yes,29212778 (van der Harst P. et.al),,
rs6909752,6,22612629,22612400,22569677,22570750,,HDGFL1,Yes,"28714975 (Nelson CP. et.al), 29212778 (van der Harst P. et.al)",,
rs685031,6,31881731,31913954,31629005,32131458,,"ABHD16A, ATF6B, C4B_2, C6orf25, C6orf48, CFB, CLIC1, CSNK2B, CYP21A1P, CYP21A2, DDAH2, DOM3Z, EHMT2, FKBPL, GPANK1, HSPA1A, HSPA1B, HSPA1L, LSM2, LY6G5C, LY6G6C, LY6G6E, LY6G6F, MIR1236, MIR4646, MSH5-SAPCD1, NELFE, NEU1, PPT2, PRRT1, SKIV2L, SLC44A4, SNORD48, SNORD52, STK19, TNXB, VARS, VWA7, ZBTB12",Yes,29212778 (van der Harst P. et.al),,
rs644045,6,31883957,31916180,31633656,32136313,,"ABHD16A, ATF6B, C4B_2, C6orf25, C6orf48, CFB, CLIC1, CSNK2B, CYP21A1P, CYP21A2, DDAH2, DOM3Z, EHMT2, FKBPL, HSPA1A, HSPA1B, HSPA1L, LSM2, LY6G5C, LY6G6C, LY6G6E, LY6G6F, MIR1236, MIR4646, MSH5-SAPCD1, NELFE, NEU1, PPT2, PPT2-EGFL8, PRRT1, SKIV2L, SLC44A4, SNORD48, SNORD52, STK19, TNXB, VARS, VWA7, ZBTB12",No,29212778 (van der Harst P. et.al),,
rs3130683,6,31888367,31920590,31644460,32143916,,"ABHD16A, AGPAT1, ATF6B, C4B_2, C6orf25, C6orf48, CFB, CLIC1, CYP21A1P, CYP21A2, DDAH2, DOM3Z, EHMT2, FKBPL, HSPA1A, HSPA1B, HSPA1L, LSM2, LY6G5C, LY6G6C, LY6G6E, LY6G6F, MIR1236, MIR4646, MSH5-SAPCD1, NELFE, NEU1, PPT2, PPT2-EGFL8, PRRT1, SKIV2L, SLC44A4, SNORD48, SNORD52, STK19, TNXB, VARS, VWA7, ZBTB12",Yes,"28209224 (Webb TR. et.al), 28714975 (Nelson CP. et.al), 29212778 (van der Harst P. et.al)",,
rs2072633,6,31919578,31951801,31654725,32191844,CFB*,"ABHD16A, AGER, AGPAT1, ATF6B, C4B_2, C6orf25, C6orf48, CFB*, CLIC1, CYP21A1P, CYP21A2, DDAH2, DOM3Z, EHMT2, FKBPL, GPSM3, HSPA1A, HSPA1B, HSPA1L, LSM2, LY6G6C, LY6G6E, LY6G6F, MIR1236, MSH5-SAPCD1, NELFE, NEU1, NOTCH4, PBX2, PPT2, PPT2-EGFL8, PRRT1, RNF5, SKIV2L, SLC44A4, SNORD48, SNORD52, STK19, TNXB, VARS, VWA7, ZBTB12",Yes,29212778 (van der Harst P. et.al),,
rs9268402,6,32341353,32373576,32083044,32546497,,"AGER, AGPAT1, AK123889, AK293020, ATF6B, BTNL2, C6orf10, FKBPL, GPSM3, HCG23, HLA-DRA, HLA-DRB5, HLA-DRB6, NOTCH4, PBX2, PPT2, PPT2-EGFL8, PRRT1, RNF5",No,22751097 (Lu X. et.al),,
rs2814944,6,34552797,34585020,34254972,34845291,,"C6orf106, PACSIN1, RPS10-NUDT3, SNRPC, SPDEF, UHRF1BP1",No,29212778 (van der Harst P. et.al),,
rs2814993,6,34618893,34651116,34254972,35059190,C6orf106*,"ANKS1A, C6orf106*, PACSIN1, RPS10-NUDT3, SNRPC, SPDEF, TAF11, UHRF1BP1",Yes,29212778 (van der Harst P. et.al),,
rs9469890,6,34763982,34796205,34505578,35059190,UHRF1BP1*,"ANKS1A, C6orf106, SNRPC, SPDEF, TAF11, UHRF1BP1*",Yes,29212778 (van der Harst P. et.al),,
rs12205331,6,34898455,34930678,34555065,35109187,ANKS1A*,"ANKS1A*, C6orf106, SNRPC, TAF11, TCP11, UHRF1BP1",Yes,"23202125 (Deloukas P. et.al), 28530674 (Howson JMM. et.al)",,
rs17609940,6,35034800,35067023,34759793,35289548,ANKS1A*,"ANKS1A*, AY927475, DEF6, SCUBE3, TAF11, TCP11, UHRF1BP1, ZNF76",Yes,"21378990 (Schunkert H. et.al), 26343387 (Nikplay M. et.al), 28530674 (Howson JMM. et.al), 28714975 (Nelson CP. et.al)",,
rs1334894,6,35615130,35647353,35310334,35888957,FKBP5*,"ARMC12, CLPS, CLPSL1, CLPSL2, FANCE, FKBP5*, LHFPL5, MIR5690, PPARD, RPL10A, SRPK1, TEAD3, TULP1",No,29212778 (van der Harst P. et.al),,
rs1321309,6,36638636,36670859,36358328,36896740,,"AK096023, C6orf89, CDKN1A, CPNE5, KCTD20, MIR3925, PPIL1, PXT1, RAB44, SRSF3, STK38",Yes,29212778 (van der Harst P. et.al),,
rs10947789,6,39174922,39207146,38683116,39693181,KCNK5*,"DNAH8, GLP1R, KCNK16, KCNK17, KCNK5*, KIF6, SAYSD1",Yes,"23202125 (Deloukas P. et.al), 26343387 (Nikplay M. et.al), 28530674 (Howson JMM. et.al), 28714975 (Nelson CP. et.al), 29212778 (van der Harst P. et.al)",,
rs10456100,6,39183470,39215694,38683116,39693181,KCNK5*,"DNAH8, GLP1R, KCNK16, KCNK17, KCNK5*, KIF6, SAYSD1",Yes,29212778 (van der Harst P. et.al),,
rs2146324,6,43756863,43789126,43490067,44042389,,"AK024736, AK097853, C6orf223, GTPBP2, LOC100132354, MAD2L1BP, MRPS18A, POLH, RSPH9, VEGFA, XPO5",Yes,29212778 (van der Harst P. et.al),,
rs6905288,6,43758873,43791136,43490067,44042389,,"AK024736, AK097853, C6orf223, GTPBP2, LOC100132354, MAD2L1BP, MRPS18A, POLH, RSPH9, VEGFA, XPO5",Yes,29212778 (van der Harst P. et.al),,
rs223290,6,57106712,57241914,56819772,57513376,,"BAG2, BC032020, BEND6, KIAA1586, PRIM2, RAB23, ZNF451",Yes,29212778 (van der Harst P. et.al),,
rs71566846,6,57148171,57283373,56911383,57513376,,"BAG2, BC032020, KIAA1586, PRIM2, RAB23, ZNF451",No,29212778 (van der Harst P. et.al),,
rs9367716,6,57160572,57295774,56911383,57513376,,"BAG2, BC032020, KIAA1586, PRIM2, RAB23, ZNF451",Yes,29212778 (van der Harst P. et.al),,
rs4613862,6,82612271,81902554,82455446,82523909,,"BC038576, FAM46A",Yes,29212778 (van der Harst P. et.al),,
rs10806235,6,82703335,81993618,82455446,82957448,,"BC038576, FAM46A, IBTK",Yes,29212778 (van der Harst P. et.al),,
rs1591805,6,126717064,126395918,126661252,127440994,AK127472*,"AK127472*, CENPW, Vimentin3",Yes,29212778 (van der Harst P. et.al),,
rs1966248,6,134159622,133838484,133823389,134373789,"BC041459*, MGC34034*","AX747860, BC041459*, MGC34034*, SLC2A12, TBPL1, TCF21",Yes,29212778 (van der Harst P. et.al),,
rs12202017,6,134173151,133852013,133823389,134373789,"BC041459*, MGC34034*","AX747860, BC041459*, MGC34034*, SLC2A12, TBPL1, TCF21",No,28584231 (Verweij N. et.al),,
rs2327429,6,134209837,133888699,133823389,134455009,BC041459*,"AX747860, BC041459*, HMGA1P7, Metazoa_SRP, MGC34034, SLC2A12, TBPL1, TCF21",Yes,29212778 (van der Harst P. et.al),,
rs2327433,6,134214227,133893089,133823389,134455009,,"AX747860, BC041459, HMGA1P7, Metazoa_SRP, MGC34034, SLC2A12, TBPL1, TCF21",No,28584231 (Verweij N. et.al),,
rs12190287,6,134214525,133893387,133823389,134455009,,"AX747860, BC041459, HMGA1P7, Metazoa_SRP, MGC34034, SLC2A12, TBPL1, TCF21",Yes,"21378990 (Schunkert H. et.al), 23202125 (Deloukas P. et.al), 26343387 (Nikplay M. et.al), 28530674 (Howson JMM. et.al), 28714975 (Nelson CP. et.al)",,
rs17080091,6,150997401,150676265,150920998,151423023,PLEKHG1*,"MTHFD1L, PLEKHG1*",Yes,29212778 (van der Harst P. et.al),,
rs12663498,6,151003840,150682704,150920998,151423023,PLEKHG1*,"MTHFD1L, PLEKHG1*",Yes,29212778 (van der Harst P. et.al),,
rs6922269,6,151252985,150931849,150920998,151423023,MTHFD1L*,"MTHFD1L*, PLEKHG1, U6",No,17634449 (Samani NJ. et.al),,
rs688359,6,160465291,160044259,160211491,160679963,IGF2R*,"AIRN, IGF2R*, LOC729603, MAS1, MRPL18, PNLDC1, SLC22A1, SLC22A2",Yes,29212778 (van der Harst P. et.al),,
rs13212914,6,160570624,160149592,160327973,160873611,SLC22A1*,"AIRN, IGF2R, LOC729603, MAS1, SLC22A1*, SLC22A2, SLC22A3",Yes,29212778 (van der Harst P. et.al),,
rs1443844,6,160574802,160153770,160327973,160873611,SLC22A1*,"AIRN, IGF2R, LOC729603, MAS1, SLC22A1*, SLC22A2, SLC22A3",Yes,29212778 (van der Harst P. et.al),,
rs624249,6,160679400,160258368,160390130,160932156,SLC22A2*,"IGF2R, LOC729603, LPAL2, SLC22A1, SLC22A2*, SLC22A3",No,28584231 (Verweij N. et.al),,
rs3127573,6,160681393,160260361,160390130,160932156,,"IGF2R, LOC729603, LPAL2, SLC22A1, SLC22A2, SLC22A3",Yes,29212778 (van der Harst P. et.al),,
rs2048327,6,160863532,160442500,160637793,161087407,SLC22A3*,"LPA, LPAL2, SLC22A2, SLC22A3*",Yes,"19198611 (Tr√©gou√´t D-A. et.al), 26343387 (Nikplay M. et.al), 26934567 (Stitziel NO. et.al), 28530674 (Howson JMM. et.al), 28714975 (Nelson CP. et.al), 26934567 (MI Genetics and CARDIoGRAM. et.al)",,
rs3127599,6,160907134,160486102,160637793,161175085,LPAL2*,"LPA, LPAL2*, PLG, SLC22A2, SLC22A3",No,19198611 (Tr√©gou√´t D-A. et.al),,
rs147555597,6,160911596,160490564,160637793,161175085,LPAL2*,"LPA, LPAL2*, PLG, SLC22A2, SLC22A3",Yes,29212778 (van der Harst P. et.al),,
rs3798220,6,160961137,160540105,160769404,161175085,LPA*,"LPA*, LPAL2, PLG, SLC22A3",Yes,"21378990 (Schunkert H. et.al), 23202125 (Deloukas P. et.al), 26343387 (Nikplay M. et.al), 26934567 (Stitziel NO. et.al), 28530674 (Howson JMM. et.al), 28714975 (Nelson CP. et.al), 29212778 (van der Harst P. et.al), 26934567 (MI Genetics and CARDIoGRAM. et.al)",,
rs7767084,6,160962503,160541471,160769404,161175085,LPA*,"LPA*, LPAL2, PLG, SLC22A3",NA,NA,,
rs10755578,6,160969738,160548706,160769404,161175085,LPA*,"LPA*, LPAL2, PLG, SLC22A3",NA,NA,,
rs55730499,6,161005610,160584578,160769404,161175085,LPA*,"LPA*, LPAL2, PLG, SLC22A3",Yes,"28584231 (Verweij N. et.al), 29212778 (van der Harst P. et.al)",,
rs41272114,6,161006077,160585045,160769404,161175085,LPA*,"LPA*, LPAL2, PLG, SLC22A3",Yes,29212778 (van der Harst P. et.al),,
rs140570886,6,161013013,160591981,160769404,161175085,LPA*,"LPA*, LPAL2, PLG, SLC22A3",Yes,29212778 (van der Harst P. et.al),,
rs73596816,6,161017363,160596331,160769404,161175085,LPA*,"LPA*, LPAL2, PLG, SLC22A3",Yes,29212778 (van der Harst P. et.al),,
rs9365196,6,161056112,160635080,160769404,161175085,LPA*,"LPA*, LPAL2, PLG, SLC22A3",No,28584231 (Verweij N. et.al),,
rs41269133,6,161087863,160666831,160769404,161175085,,"LPA, LPAL2, PLG, SLC22A3",Yes,29212778 (van der Harst P. et.al),,
rs9457995,6,161102643,160681611,160769404,161175085,,"LPA, LPAL2, PLG, SLC22A3",No,28584231 (Verweij N. et.al),,
rs186696265,6,161111700,160690668,160769404,161175085,,"LPA, LPAL2, PLG, SLC22A3",Yes,"28584231 (Verweij N. et.al), 29212778 (van der Harst P. et.al)",,
rs4252090,6,161133544,160712512,160888217,161175085,PLG*,"LPA, LPAL2, PLG*",Yes,29212778 (van der Harst P. et.al),,
rs4252120,6,161143608,160722576,160888217,161175085,PLG*,"LPA, LPAL2, PLG*",Yes,"23202125 (Deloukas P. et.al), 26343387 (Nikplay M. et.al), 28530674 (Howson JMM. et.al), 28714975 (Nelson CP. et.al), 29212778 (van der Harst P. et.al)",,
rs117340856,6,161178796,160757764,160888217,161538417,,"LPA, LPAL2, MAP3K4, PLG",Yes,29212778 (van der Harst P. et.al),,
rs10267593,7,1937261,1897625,1732445,2272583,MAD1L1*,"AK127048, ELFN1, JX046910, LOC401296, MAD1L1*, MIR4655",Yes,29212778 (van der Harst P. et.al),,
rs7797644,7,6486067,6446436,6201411,6746566,DAGLB*,"AK123300, C7orf26, CYTH3, DAGLB*, DQ579268, DQ594582, FAM220A, GRID2IP, KDELR2, Mir_633, RAC1, ZDHHC4, ZNF12, ZNF853",Yes,29212778 (van der Harst P. et.al),,
rs11509880,7,12261911,12222285,12250847,12443852,TMEM106B*,"TMEM106B*, VWDE",Yes,29212778 (van der Harst P. et.al),,
rs6460942,7,12420989,12381363,12250847,12693228,VWDE*,"BC075797, SCIN, TMEM106B, TRNA, VWDE*",No,29212778 (van der Harst P. et.al),,
rs2023938,7,19036775,18997152,18535884,19185876,HDAC9*,"BC043576, FERD3L, HDAC9*, TWIST1",Yes,"23202125 (Deloukas P. et.al), 26343387 (Nikplay M. et.al), 28530674 (Howson JMM. et.al), 28714975 (Nelson CP. et.al), 29212778 (van der Harst P. et.al)",,
rs2107595,7,19049388,19009765,18535884,19185876,,"BC043576, FERD3L, HDAC9, TWIST1",Yes,"28584231 (Verweij N. et.al), 29212778 (van der Harst P. et.al)",,
rs2107732,7,45077978,45038379,44836240,45223850,CCM2*,"CCM2*, H2AFV, MYO1G, NACAD, PPIA, PURB, RAMP3, SNHG15, TBRG4",Yes,29212778 (van der Harst P. et.al),,
rs1859023,7,90240585,90611271,89975978,90839904,,"CDK14, CLDN12, GTPBP10, LOC101409256",No,21829389 (Barbalic M. et.al),,
rs12539895,7,107091849,107451404,106809405,107358252,COG5*,"BCAP29, COG5*, DUS4L, GPR22, HBP1, Mir_548, SLC26A4, SLC26A4-AS1, SnoU109",No,23202125 (Deloukas P. et.al),,
rs2189839,7,107230026,107589581,106842188,107443678,BCAP29*,"BCAP29*, CBLL1, COG5, DUS4L, GPR22, Mir_548, SLC26A3, SLC26A4, SLC26A4-AS1, SnoU109",No,29212778 (van der Harst P. et.al),,
rs7809950,7,107237807,107597362,106842188,107443678,BCAP29*,"BCAP29*, CBLL1, COG5, DUS4L, GPR22, Mir_548, SLC26A3, SLC26A4, SLC26A4-AS1, SnoU109",Yes,29212778 (van der Harst P. et.al),,
rs10953541,7,107244545,107604100,106842188,107443678,BCAP29*,"BCAP29*, CBLL1, COG5, DUS4L, GPR22, Mir_548, SLC26A3, SLC26A4, SLC26A4-AS1, SnoU109",Yes,"21378988 (C4D Genetics Consortium. et.al), 26343387 (Nikplay M. et.al), 28530674 (Howson JMM. et.al), 28714975 (Nelson CP. et.al)",,
rs10249651,7,117064625,117424571,116593380,117308718,ASZ1*,"ASZ1*, CFTR, ST7, WNT2",Yes,29212778 (van der Harst P. et.al),,
rs975722,7,117332914,117692860,117120016,117513561,,"CFTR, CTTNBP2",Yes,29212778 (van der Harst P. et.al),,
rs11556924,7,129663496,130023656,129414532,129929637,ZC3HC1*,"CPA2, JA611275, KLHDC10, MIR183, MIR96, SSMEM1, TMEM209, UBE2H, ZC3HC1*",Yes,"21378990 (Schunkert H. et.al), 23202125 (Deloukas P. et.al), 26343387 (Nikplay M. et.al), 28530674 (Howson JMM. et.al), 28584231 (Verweij N. et.al), 28714975 (Nelson CP. et.al), 29212778 (van der Harst P. et.al)",,
rs10237377,7,139757136,140057336,139528951,139879440,PARP12*,"JHDM1D, LOC100134229, PARP12*, TBXAS1",Yes,"28530674 (Howson JMM. et.al), 29212778 (van der Harst P. et.al)",,
rs3918226,7,150690176,150993088,150413644,150945749,NOS3*,"ABCB8, ABCF2, ABP1, AGAP3, AK125599, AK296065, ASB10, ASIC3, ATG9B, CDK5, CHPF2, FASTK, GBX1, GIMAP1-GIMAP5, IQCA1L, KCNH2, NOS3*, SLC4A2, SMARCD3, TMEM176A, TMEM176B, TMUB1",Yes,"26343387 (Nikplay M. et.al), 28584231 (Verweij N. et.al), 28714975 (Nelson CP. et.al), 29212778 (van der Harst P. et.al)",,
rs6997340,8,18286997,18429487,18067617,18871196,,"NAT1, NAT2, PSD3, TRNA_Pseudo",Yes,29212778 (van der Harst P. et.al),,
rs7011846,8,19785656,19928145,19261671,20040717,,"CSGALNACT1, INTS10, LPL, SLC18A1",Yes,29212778 (van der Harst P. et.al),,
rs6997330,8,19800529,19943018,19674917,20040717,LPL*,"INTS10, LPL*, SLC18A1",Yes,29212778 (van der Harst P. et.al),,
rs256,8,19811967,19954456,19674917,20079207,LPL*,"ATP6V1B2, INTS10, LPL*, SLC18A1",Yes,29212778 (van der Harst P. et.al),,
rs264,8,19813180,19955669,19674917,20079207,LPL*,"ATP6V1B2, INTS10, LPL*, SLC18A1",Yes,"23202125 (Deloukas P. et.al), 26343387 (Nikplay M. et.al), 28530674 (Howson JMM. et.al), 28714975 (Nelson CP. et.al), 29212778 (van der Harst P. et.al)",,
rs268,8,19813529,19956018,19674917,20079207,LPL*,"ATP6V1B2, INTS10, LPL*, SLC18A1",Yes,29212778 (van der Harst P. et.al),,
rs15285,8,19824667,19967156,19674917,20079207,LPL*,"ATP6V1B2, INTS10, LPL*, SLC18A1",Yes,29212778 (van der Harst P. et.al),,
rs17091891,8,19843171,19985660,19674917,20079207,,"ATP6V1B2, INTS10, LPL, SLC18A1",No,29212778 (van der Harst P. et.al),,
rs17411031,8,19852310,19994799,19674917,20079207,,"ATP6V1B2, INTS10, LPL, SLC18A1",No,28584231 (Verweij N. et.al),,
rs10106652,8,19928160,20070649,19674917,20147969,,"ATP6V1B2, INTS10, LPL, LZTS1, LZTS1-AS1, SLC18A1",Yes,29212778 (van der Harst P. et.al),,
rs11204085,8,19940796,20083285,19674917,20147969,,"ATP6V1B2, INTS10, LPL, LZTS1, LZTS1-AS1, SLC18A1",Yes,29212778 (van der Harst P. et.al),,
rs73225842,8,22030065,22172552,21777179,22280249,BMP1*,"BMP1*, DMTN, FAM160B2, FGF17, HR, LGI3, MIR320A, NPM2, NUDT18, PHYHIP, PIWIL2, POLR3D, REEP4, SFTPC, SLC39A14, XPO7",Yes,29212778 (van der Harst P. et.al),,
rs6984210,8,22033615,22176102,21777179,22280249,BMP1*,"BMP1*, DMTN, FAM160B2, FGF17, HR, LGI3, MIR320A, NPM2, NUDT18, PHYHIP, PIWIL2, POLR3D, REEP4, SFTPC, SLC39A14, XPO7",Yes,29212778 (van der Harst P. et.al),,
rs1148497,8,102856517,101844289,102504667,103136562,NCALD*,"GRHL2, NCALD*",No,29212778 (van der Harst P. et.al),,
rs28416651,8,106564652,105552424,106331146,106816767,ZFPM2*,ZFPM2*,Yes,29212778 (van der Harst P. et.al),,
rs10093110,8,106565414,105553186,106331146,106816767,ZFPM2*,ZFPM2*,Yes,29212778 (van der Harst P. et.al),,
rs2001846,8,126478450,125466208,126104082,126569441,,"Metazoa_SRP, Mir_544, NSMCE2, TRIB1",No,28584231 (Verweij N. et.al),,
rs6982502,8,126479362,125467120,126104082,126569441,,"Metazoa_SRP, Mir_544, NSMCE2, TRIB1",No,29212778 (van der Harst P. et.al),,
rs2954029,8,126490972,125478730,126104082,126569441,,"Metazoa_SRP, Mir_544, NSMCE2, TRIB1",Yes,"23202125 (Deloukas P. et.al), 26343387 (Nikplay M. et.al), 28530674 (Howson JMM. et.al), 28714975 (Nelson CP. et.al), 29212778 (van der Harst P. et.al)",,
rs28601761,8,126500031,125487789,126104082,126569441,,"Metazoa_SRP, Mir_544, NSMCE2, TRIB1",Yes,29212778 (van der Harst P. et.al),,
rs896655,9,21706571,21706572,21454266,21865969,,"IFNE, MIR31, MIR31HG, MTAP",Yes,29212778 (van der Harst P. et.al),,
rs11523031,9,21843842,21843843,21802634,22121093,MTAP*,"C9orf53, CDKN2A, CDKN2B, CDKN2B-AS1, Mir_384, MTAP*",Yes,29212778 (van der Harst P. et.al),,
rs145542470,9,21953099,21953100,21802634,22121093,,"C9orf53, CDKN2A, CDKN2B, CDKN2B-AS1, CDKN2B_AS, Mir_384, MTAP",Yes,29212778 (van der Harst P. et.al),,
rs3731249,9,21970916,21970917,21802634,22121093,CDKN2A*,"C9orf53, CDKN2A*, CDKN2B, CDKN2B-AS1, CDKN2B_AS, Mir_384, MTAP",No,28584231 (Verweij N. et.al),,
rs3218020,9,21997872,21997873,21802634,22121093,CDKN2B-AS1*,"C9orf53, CDKN2A, CDKN2B, CDKN2B-AS1*, CDKN2B_AS, Mir_384, MTAP",Yes,29212778 (van der Harst P. et.al),,
rs3217992,9,22003223,22003224,21802634,22121093,"CDKN2B*, CDKN2B-AS1*","C9orf53, CDKN2A, CDKN2B*, CDKN2B-AS1*, CDKN2B_AS, Mir_384, MTAP",Yes,"23202125 (Deloukas P. et.al), 26343387 (Nikplay M. et.al), 28530674 (Howson JMM. et.al), 28714975 (Nelson CP. et.al)",,
rs3217978,9,22007330,22007331,21802634,22121093,"CDKN2B*, CDKN2B-AS1*","C9orf53, CDKN2A, CDKN2B*, CDKN2B-AS1*, CDKN2B_AS, Mir_384, MTAP",Yes,29212778 (van der Harst P. et.al),,
rs564398,9,22029547,22029548,21802634,22121093,CDKN2B-AS1*,"C9orf53, CDKN2A, CDKN2B, CDKN2B-AS1*, CDKN2B_AS, Mir_384, MTAP",No,19198612 (Erdmann J. et.al),,
rs7865618,9,22031005,22031006,21802634,22121093,CDKN2B-AS1*,"C9orf53, CDKN2A, CDKN2B, CDKN2B-AS1*, CDKN2B_AS, Mir_384, MTAP",No,19198612 (Erdmann J. et.al),,
rs9632884,9,22072301,22072302,21802634,22121093,CDKN2B-AS1*,"C9orf53, CDKN2A, CDKN2B, CDKN2B-AS1*, CDKN2B_AS, Mir_384, MTAP",No,22751097 (Lu X. et.al),,
rs1855185,9,22073996,22073997,21802634,22121093,CDKN2B-AS1*,"C9orf53, CDKN2A, CDKN2B, CDKN2B-AS1*, CDKN2B_AS, Mir_384, MTAP",No,28584231 (Verweij N. et.al),,
rs6475606,9,22081850,22081851,21802634,22121093,CDKN2B-AS1*,"C9orf53, CDKN2A, CDKN2B, CDKN2B-AS1*, CDKN2B_AS, Mir_384, MTAP",Yes,"19198612 (Erdmann J. et.al), 21088011 (Erdmann J. et.al)",,
rs10757272,9,22088260,22088261,21802634,22121093,CDKN2B-AS1*,"C9orf53, CDKN2A, CDKN2B, CDKN2B-AS1*, CDKN2B_AS, Mir_384, MTAP",No,19198612 (Erdmann J. et.al),,
rs10757274,9,22096055,22096056,21802634,22121093,CDKN2B-AS1*,"C9orf53, CDKN2A, CDKN2B, CDKN2B-AS1*, CDKN2B_AS, Mir_384, MTAP",Yes,"17478681 (McPherson R. et.al), 22751097 (Lu X. et.al)",,
rs4977574,9,22098574,22098575,21802634,22121093,CDKN2B-AS1*,"C9orf53, CDKN2A, CDKN2B, CDKN2B-AS1*, CDKN2B_AS, Mir_384, MTAP",Yes,"19198609 (Kathiresan S. et.al), 19198612 (Erdmann J. et.al), 21088011 (Erdmann J. et.al), 21378990 (Schunkert H. et.al), 21378988 (C4D Genetics Consortium. et.al), 26343387 (Nikplay M. et.al), 28714975 (Nelson CP. et.al), 29212778 (van der Harst P. et.al)",,
rs2891168,9,22098619,22098620,21802634,22121093,CDKN2B-AS1*,"C9orf53, CDKN2A, CDKN2B, CDKN2B-AS1*, CDKN2B_AS, Mir_384, MTAP",Yes,"19198612 (Erdmann J. et.al), 21088011 (Erdmann J. et.al), 28584231 (Verweij N. et.al), 29212778 (van der Harst P. et.al)",,
rs72652478,9,22102043,22102044,21802634,22121093,CDKN2B-AS1*,"C9orf53, CDKN2A, CDKN2B, CDKN2B-AS1*, CDKN2B_AS, Mir_384, MTAP",Yes,29212778 (van der Harst P. et.al),,
rs1333042,9,22103813,22103814,21802634,22121093,CDKN2B-AS1*,"C9orf53, CDKN2A, CDKN2B, CDKN2B-AS1*, CDKN2B_AS, Mir_384, MTAP",Yes,"19198612 (Erdmann J. et.al), 21088011 (Erdmann J. et.al), 22751097 (Lu X. et.al)",,
rs13301964,9,22113324,22113325,21802634,22121093,CDKN2B-AS1*,"C9orf53, CDKN2A, CDKN2B, CDKN2B-AS1*, CDKN2B_AS, Mir_384, MTAP",No,28584231 (Verweij N. et.al),,
rs2383206,9,22115026,22115027,21802634,22121093,CDKN2B-AS1*,"C9orf53, CDKN2A, CDKN2B, CDKN2B-AS1*, CDKN2B_AS, Mir_384, MTAP",No,17478681 (McPherson R. et.al),,
rs10757278,9,22124477,22124478,21967137,22121093,,"C9orf53, CDKN2A, CDKN2B, CDKN2B-AS1, CDKN2B_AS, Mir_384",No,17478679 (Helgadottir A. et.al),,
rs1333048,9,22125347,22125348,21967137,22121093,,"C9orf53, CDKN2A, CDKN2B, CDKN2B-AS1, CDKN2B_AS, Mir_384",No,19198612 (Erdmann J. et.al),,
rs1333049,9,22125503,22125504,21967137,22121093,,"C9orf53, CDKN2A, CDKN2B, CDKN2B-AS1, CDKN2B_AS, Mir_384",Yes,"17554300 (McPherson R. et.al), 17634449 (Samani NJ. et.al), 19198612 (Erdmann J. et.al), 21088011 (Erdmann J. et.al), 22751097 (Lu X. et.al), 23202125 (Deloukas P. et.al), 29212778 (van der Harst P. et.al)",,
rs944172,9,110517794,107755513,110681146,110681259,,5S_rRNA,Yes,29212778 (van der Harst P. et.al),,
rs2140480,9,110526109,107763828,110681146,110681259,,5S_rRNA,Yes,29212778 (van der Harst P. et.al),,
rs111245230,9,113169775,110407495,112542576,113342160,SVEP1*,"C9orf152, PALM2-AKAP2, SVEP1*, TRNA_Arg, TXN, TXNDC8, U6",Yes,"26934567 (Stitziel NO. et.al), 28714975 (Nelson CP. et.al), 29212778 (van der Harst P. et.al), 26934567 (MI Genetics and CARDIoGRAM. et.al)",,
rs10818576,9,124412948,121650669,124217318,124855885,DAB2IP*,"BC039180, DAB2IP*, GGTA1P, Metazoa_SRP, TTLL11",Yes,29212778 (van der Harst P. et.al),,
rs885150,9,124420173,121657894,124217318,124855885,DAB2IP*,"BC039180, DAB2IP*, GGTA1P, Metazoa_SRP, TTLL11",Yes,29212778 (van der Harst P. et.al),,
rs2519093,9,136141870,NA,135906061,136390068,ABO*,"ABO*, ADAMTS13, C9orf96, CACFD1, CEL, CELP, GTF3C5, MED22, OBP2B, RALGDS, REXO4, RPL7A, SLC2A6, SNORD24, SNORD36A, SNORD36B, SNORD36C, SURF1, SURF2, SURF4, SURF6, TMEM8C",Yes,"28584231 (Verweij N. et.al), 29212778 (van der Harst P. et.al)",,
rs507666,9,136149399,NA,135906061,136390068,ABO*,"ABO*, ADAMTS13, C9orf96, CACFD1, CEL, CELP, GTF3C5, MED22, OBP2B, RALGDS, REXO4, RPL7A, SLC2A6, SNORD24, SNORD36A, SNORD36B, SNORD36C, SURF1, SURF2, SURF4, SURF6, TMEM8C",Yes,29212778 (van der Harst P. et.al),,
rs579459,9,136154168,133278724,135906061,136440641,,"ABO, ADAMTS13, ADAMTSL2, C9orf96, CACFD1, CEL, CELP, GTF3C5, MED22, OBP2B, RALGDS, REXO4, RPL7A, SLC2A6, SNORD24, SNORD36A, SNORD36B, SNORD36C, SURF1, SURF2, SURF4, SURF6, TMEM8C",Yes,"21378990 (Schunkert H. et.al), 23202125 (Deloukas P. et.al), 26343387 (Nikplay M. et.al), 28530674 (Howson JMM. et.al), 28714975 (Nelson CP. et.al)",,
rs495828,9,136154867,133279294,135906061,136440641,,"ABO, ADAMTS13, ADAMTSL2, C9orf96, CACFD1, CEL, CELP, GTF3C5, MED22, OBP2B, RALGDS, REXO4, RPL7A, SLC2A6, SNORD24, SNORD36A, SNORD36B, SNORD36C, SURF1, SURF2, SURF4, SURF6, TMEM8C",Yes,29212778 (van der Harst P. et.al),,
rs61848342,10,12303813,12261814,11962020,12871733,,"CAMK1D, CDC123, DHTKD1, NUDT5, SEC61A2, UPF2",Yes,29212778 (van der Harst P. et.al),,
rs3739998,10,30316072,30027143,30301728,30348488,KIAA1462*,KIAA1462*,Yes,"21088011 (Erdmann J. et.al), 29212778 (van der Harst P. et.al)",,
rs9337951,10,30317073,30028144,30301728,30348488,KIAA1462*,KIAA1462*,Yes,29212778 (van der Harst P. et.al),,
rs2487928,10,30323892,30034963,30301728,30348488,KIAA1462*,KIAA1462*,Yes,"28584231 (Verweij N. et.al), 29212778 (van der Harst P. et.al)",,
rs2505083,10,30335122,30046193,30301728,30348488,KIAA1462*,KIAA1462*,Yes,"21378988 (C4D Genetics Consortium. et.al), 23202125 (Deloukas P. et.al), 26343387 (Nikplay M. et.al), 28530674 (Howson JMM. et.al), 28714975 (Nelson CP. et.al)",,
rs1870634,10,44480811,43985363,44282859,44439914,,"HNRNPA3P1, LINC00619, LINC00840, LINC00841",Yes,"28584231 (Verweij N. et.al), 29212778 (van der Harst P. et.al)",,
rs10793514,10,44496971,44001523,44282859,44439914,,"HNRNPA3P1, LINC00619, LINC00840, LINC00841",Yes,29212778 (van der Harst P. et.al),,
rs2047009,10,44539913,44044465,44340753,44790097,,"LINC00619, LINC00840, LINC00841, LOC100130539",Yes,"23202125 (Deloukas P. et.al), 26343387 (Nikplay M. et.al), 28530674 (Howson JMM. et.al), 28714975 (Nelson CP. et.al)",,
rs2457480,10,44740010,44244562,44788197,44880545,,"CXCL12, LOC100130539",Yes,29212778 (van der Harst P. et.al),,
rs501120,10,44753867,44258419,44788197,44880545,,"CXCL12, LOC100130539",Yes,"17634449 (Samani NJ. et.al), 23202125 (Deloukas P. et.al), 26343387 (Nikplay M. et.al), 28530674 (Howson JMM. et.al), 28714975 (Nelson CP. et.al), 29212778 (van der Harst P. et.al)",,
rs1746048,10,44775824,44280376,44788197,44880545,,"CXCL12, LOC100130539",Yes,"19198609 (Kathiresan S. et.al), 21378990 (Schunkert H. et.al), 21378988 (C4D Genetics Consortium. et.al)",,
rs1657346,10,44777560,44282112,44788197,44880545,,"CXCL12, LOC100130539",Yes,29212778 (van der Harst P. et.al),,
rs17680741,10,82251514,80491758,82031575,82406316,TSPAN14*,"DYDC1, DYDC2, FAM213A, MAT1A, SH2D4B, TSPAN14*",Yes,29212778 (van der Harst P. et.al),,
rs12264252,10,82277341,80517585,82031575,82406316,TSPAN14*,"DYDC1, DYDC2, FAM213A, MAT1A, SH2D4B, TSPAN14*",Yes,29212778 (van der Harst P. et.al),,
rs11203042,10,90989109,89229352,90750287,91295313,LIPA*,"BC040833, CH25H, FAS, FAS-AS1, HV303525, HV303528, IFIT1, IFIT1B, IFIT2, IFIT3, IFIT5, LIPA*, MIR4679-1, MIR4679-2, SLC16A12",Yes,"23202125 (Deloukas P. et.al), 26343387 (Nikplay M. et.al), 28530674 (Howson JMM. et.al), 28714975 (Nelson CP. et.al)",,
rs1412444,10,91002927,89243170,90750287,91295313,LIPA*,"BC040833, CH25H, FAS, HV303525, HV303528, IFIT1, IFIT1B, IFIT2, IFIT3, IFIT5, LIPA*, MIR4679-1, MIR4679-2, SLC16A12",Yes,"21378988 (C4D Genetics Consortium. et.al), 26343387 (Nikplay M. et.al), 28530674 (Howson JMM. et.al), 28584231 (Verweij N. et.al), 28714975 (Nelson CP. et.al), 29212778 (van der Harst P. et.al)",,
rs2246942,10,91004886,89245129,90750287,91295313,LIPA*,"BC040833, CH25H, FAS, HV303525, HV303528, IFIT1, IFIT1B, IFIT2, IFIT3, IFIT5, LIPA*, MIR4679-1, MIR4679-2, SLC16A12",Yes,29212778 (van der Harst P. et.al),,
rs2246833,10,91005854,89246097,90750287,91295313,LIPA*,"BC040833, CH25H, FAS, HV303525, HV303528, IFIT1, IFIT1B, IFIT2, IFIT3, IFIT5, LIPA*, MIR4679-1, MIR4679-2, SLC16A12",Yes,"23202125 (Deloukas P. et.al), 28530674 (Howson JMM. et.al)",,
rs3740390,10,104638480,102878723,104263718,104953063,AS3MT*,"ARL3, AS3MT*, C10orf32, CNNM2, CYP17A1, NT5C2, SFXN2, SUFU, TRIM8, WBP1L",Yes,29212778 (van der Harst P. et.al),,
rs11191447,10,104652323,102892566,104404251,104953063,AS3MT*,"ARL3, AS3MT*, C10orf32, CNNM2, CYP17A1, NT5C2, SFXN2, TRIM8, WBP1L",Yes,29212778 (van der Harst P. et.al),,
rs12414777,10,104697781,102938024,104433483,104953063,CNNM2*,"ARL3, AS3MT, C10orf32, CNNM2*, CYP17A1, NT5C2, SFXN2, WBP1L",Yes,29212778 (van der Harst P. et.al),,
rs12413409,10,104719096,102959339,104433483,105036751,CNNM2*,"ARL3, AS3MT, BC040734, C10orf32, CNNM2*, CYP17A1, NT5C2, SFXN2, WBP1L",Yes,"21378990 (Schunkert H. et.al), 23202125 (Deloukas P. et.al), 26343387 (Nikplay M. et.al), 28530674 (Howson JMM. et.al), 28714975 (Nelson CP. et.al)",,
rs12765878,10,105669622,103909864,105353783,105992120,OBFC1*,"COL17A1, MIR936, OBFC1*, SFR1, SH3PXD2A, SH3PXD2A-AS1, SLK, WDR96, Y_RNA",Yes,29212778 (van der Harst P. et.al),,
rs4918072,10,105693644,103933886,105353783,105992120,,"COL17A1, MIR936, OBFC1, SFR1, SH3PXD2A, SH3PXD2A-AS1, SLK, WDR96",Yes,29212778 (van der Harst P. et.al),,
rs4237540,10,124237498,122477982,123748688,124459338,HTRA1*,"ARMS2, BTBD16, C10orf120, DMBT1, HTRA1*, MIR3941, PLEKHA1, TACC2",Yes,29212778 (van der Harst P. et.al),,
rs4752700,10,124237612,122478096,123748688,124459338,HTRA1*,"ARMS2, BTBD16, C10orf120, DMBT1, HTRA1*, MIR3941, PLEKHA1, TACC2",Yes,29212778 (van der Harst P. et.al),,
rs11601507,11,5701074,5679844,5363743,5906461,TRIM5*,"OR51B5, OR51I1, OR51I2, OR52B6, OR52D1, OR52E4, OR52E6, OR52E8, OR52H1, OR52N1, OR52N2, OR52N4, OR52N5, OR56B1, TRIM22, TRIM5*, TRIM6-TRIM34, TRIpartite, UBQLN3, UBQLNL",Yes,29212778 (van der Harst P. et.al),,
rs10840293,11,9751196,9729649,9482511,10315754,SWAP70*,"BC073899, DM376719, DM376720, LOC440028, SBF2, SBF2-AS1, SWAP70*, U80769, WEE1, ZNF143",Yes,"26343387 (Nikplay M. et.al), 28714975 (Nelson CP. et.al), 29212778 (van der Harst P. et.al)",,
rs472109,11,9770318,9748771,9482511,10315754,SWAP70*,"BC073899, DM376719, DM376720, LOC440028, SBF2, SBF2-AS1, SWAP70*, U80769, WEE1, ZNF143",No,29212778 (van der Harst P. et.al),,
rs10734649,11,9780891,9759344,9482511,10315754,"BC073899*, LOC440028*, SBF2-AS1*","BC073899*, BC073899, DM376719, LOC440028*, SBF2, SBF2-AS1*, SWAP70, U80769, WEE1, ZNF143",Yes,29212778 (van der Harst P. et.al),,
rs11042937,11,10745394,10723847,10472223,10920824,,"AK056982, AMPD3, BC026354, CTR9, DQ582265, EIF4G2, JB137816, LYVE1, MRVI1, MRVI1-AS1, MTRNR2L8, RNF141, SNORD97, ZBED5, ZBED5-AS1",Yes,"28209224 (Webb TR. et.al), 28714975 (Nelson CP. et.al), 29212778 (van der Harst P. et.al)",,
rs1351525,11,13301548,13280001,13299324,13517567,ARNTL*,"7SK, ARNTL*, BTBD10, PTH",No,28584231 (Verweij N. et.al),,
rs3993105,11,13303071,13281524,13299324,13517567,ARNTL*,"7SK, ARNTL*, BTBD10, PTH",No,28714975 (Nelson CP. et.al),,
rs7926712,11,13303085,13281538,13299324,13517567,ARNTL*,"7SK, ARNTL*, BTBD10, PTH",No,29212778 (van der Harst P. et.al),,
rs34156428,11,16481950,16460403,15987994,16598699,,"Metazoa_SRP, SOX6",Yes,29212778 (van der Harst P. et.al),,
rs7116641,11,43696917,43675367,43380434,43942494,,"7SK, AK094325, ALKBH3, BC031305, HSD17B12, JA715139, LOC100507300, MIR129-2, MIR670, SEC14L1P1, TTC17",Yes,29212778 (van der Harst P. et.al),,
rs3741380,11,65349063,65581592,65101224,65564690,EHBP1L1*,"AP5B1, DPF2, DQ587981, EHBP1L1*, FAM89B, FRMD8, KAT5, KCNK7, LTBP3, MALAT1, MAP3K11, MascRNA_menRNA, MIR4489, MIR4690, MIR548AR, NEAT1, OVOL1, PCNXL3, RELA, RNASEH2C, SCYL1, SIPA1, SLC25A45, SSSCA1, SSSCA1-AS1, TIGD3, U7",Yes,29212778 (van der Harst P. et.al),,
rs12801636,11,65391317,65623846,65142662,65640405,PCNXL3*,"AP5B1, CFL1, DQ587981, EFEMP2, EHBP1L1, FAM89B, FRMD8, KAT5, KCNK7, LTBP3, MALAT1, MAP3K11, MascRNA_menRNA, MIR4489, MIR4690, MIR548AR, MUS81, NEAT1, OVOL1, PCNXL3*, RELA, RNASEH2C, SCYL1, SIPA1, SLC25A45, SNX32, SSSCA1, SSSCA1-AS1, U7",Yes,"28530674 (Howson JMM. et.al), 29212778 (van der Harst P. et.al)",,
rs571353,11,75152243,75441198,74862031,75379479,GDPD5*,"ARRB1, GDPD5*, KLHL35, MAP6, MIR326, RPS3, SERPINH1, SLCO2B1, SNORD15A, SNORD15B, TPBGL",Yes,29212778 (van der Harst P. et.al),,
rs590121,11,75274150,75563105,74971165,75512581,SERPINH1*,"ARRB1, DGAT2, GDPD5, KLHL35, LOC283214, MAP6, MIR326, MOGAT2, RPS3, SERPINH1*, SNORD15A, SNORD15B",Yes,"28530674 (Howson JMM. et.al), 29212778 (van der Harst P. et.al)",,
rs606452,11,75276178,75565133,74971165,75512581,SERPINH1*,"ARRB1, DGAT2, GDPD5, KLHL35, LOC283214, MAP6, MIR326, MOGAT2, RPS3, SERPINH1*, SNORD15A, SNORD15B",No,29212778 (van der Harst P. et.al),,
rs634552,11,75282052,75571007,74971165,75855282,SERPINH1*,"ARRB1, DGAT2, GDPD5, KLHL35, LOC283214, MAP6, MIR326, MOGAT2, RPS3, SERPINH1*, SNORD15A, SNORD15B, UVRAG",Yes,29212778 (van der Harst P. et.al),,
rs659418,11,75284334,75573289,74971165,75855282,,"ARRB1, DGAT2, GDPD5, KLHL35, LOC283214, MAP6, MIR326, MOGAT2, RPS3, SERPINH1, SNORD15A, SNORD15B, UVRAG",Yes,29212778 (van der Harst P. et.al),,
rs604723,11,100610546,100739815,100512705,100861656,ARHGAP42*,"AK124326, ARHGAP42*, Metazoa_SRP",Yes,29212778 (van der Harst P. et.al),,
rs7947761,11,100624599,100753868,100512705,100864666,ARHGAP42*,"AK124326, ARHGAP42*, Metazoa_SRP, TMEM133",Yes,29212778 (van der Harst P. et.al),,
rs4754698,11,100631908,100761177,100512705,100864666,ARHGAP42*,"AK124326, ARHGAP42*, Metazoa_SRP, TMEM133",No,29212778 (van der Harst P. et.al),,
rs974819,11,103660567,103789839,103720633,104035027,,"DDI1, MIR4693, PDGFD",Yes,"21378988 (C4D Genetics Consortium. et.al), 23202125 (Deloukas P. et.al), 26343387 (Nikplay M. et.al), 28530674 (Howson JMM. et.al), 28714975 (Nelson CP. et.al), 29212778 (van der Harst P. et.al)",,
rs2128739,11,103673277,103802549,103720633,104035027,,"DDI1, MIR4693, PDGFD",Yes,"28584231 (Verweij N. et.al), 29212778 (van der Harst P. et.al)",,
rs9326246,11,116611733,116741017,116618885,116968993,,"APOA1, APOA4, APOA5, APOC3, BUD13, Mir_548, SIK3, ZNF259",No,23202125 (Deloukas P. et.al),,
rs964184,11,116648917,116778201,116618885,116968993,,"APOA1, APOA4, APOA5, APOC3, BUD13, Mir_548, SIK3, ZNF259",Yes,"21378990 (Schunkert H. et.al), 26343387 (Nikplay M. et.al), 28530674 (Howson JMM. et.al), 28714975 (Nelson CP. et.al), 29212778 (van der Harst P. et.al)",,
rs651821,11,116662579,116791863,116618885,116968993,APOA5*,"APOA1, APOA4, APOA5*, APOC3, BUD13, Mir_548, SIK3, ZNF259",Yes,29212778 (van der Harst P. et.al),,
rs11838267,12,7175872,7068568,6898637,7364079,C1S*,"ATN1, C12orf57, C1R, C1RL, C1RL-AS1, C1S*, CD4, CDCA3, CLSTN3, DSTNP2, EMG1, ENO2, GNB3, GPR162, LPCAT3, LRRC23, MIR141, MIR200C, PEX5, PHB2, PTPN6, RBP5, RPL13P5, SCARNA12, SPSB2, TPI1, USP5",Yes,29212778 (van der Harst P. et.al),,
rs10841443,12,20220033,20067099,20167618,20251802,LOC100506393*,LOC100506393*,Yes,"28714974 (Klarin D. et.al), 29212778 (van der Harst P. et.al)",,
rs11170820,12,54513915,54120131,54329111,54785083,FLJ12825*,"CBX5, COPZ1, FLJ12825*, GPR84, HNRNPA1, HOTAIR_4, HOTAIR, HOTAIR_5, HOXC10, HOXC11, HOXC12, HOXC13, HOXC4, HOXC5, HOXC6, HOXC8, HOXC9, HOXC-AS5, LOC100240734, LOC100240735, LOC400043, MIR148B, MIR196A2, MIR615, NFE2, SMUG1, Y_RNA, ZNF385A",Yes,"28584231 (Verweij N. et.al), 29212778 (van der Harst P. et.al)",,
rs11172113,12,57527283,57133500,57316937,57704246,LRP1*,"GPR182, LRP1*, MIR1228, MYO1A, NAB2, NDUFA4L2, NXPH4, R3HDM2, RDH16, SDR9C7, SHMT2, STAC3, STAT6, TAC3, TMEM194A, ZBTB39",Yes,"28209224 (Webb TR. et.al), 28714975 (Nelson CP. et.al), 29212778 (van der Harst P. et.al)",,
rs12315434,12,57780936,57387153,57522281,58027022,,"ARHGAP9, ARHGEF25, B4GALNT1, BC033961, BC073932, DCTN2, DDIT3, DTX3, GLI1, INHBC, INHBE, KIF5A, LRP1, MARS, MBD6, MIR1228, Mir_616, NDUFA4L2, NXPH4, PIP4K2C, R3HDM2, SHMT2, SLC26A10, STAC3",No,29212778 (van der Harst P. et.al),,
rs11613352,12,57792580,57398797,57522281,58034984,,"ARHGAP9, ARHGEF25, B4GALNT1, BC033961, BC073932, DCTN2, DDIT3, DTX3, GLI1, INHBC, INHBE, JA611266, KIF5A, LRP1, MARS, MBD6, MIR1228, Mir_616, NDUFA4L2, NXPH4, PIP4K2C, R3HDM2, SHMT2, SLC26A10, STAC3",No,29212778 (van der Harst P. et.al),,
rs2681472,12,90008959,89615182,89913189,90105729,ATP2B1*,"ATP2B1*, GALNT4, LINC00936",No,28584231 (Verweij N. et.al),,
rs2681492,12,90013089,89619312,89913189,90105729,ATP2B1*,"ATP2B1*, GALNT4, LINC00936",Yes,29212778 (van der Harst P. et.al),,
rs57481061,12,90019178,89625401,89913189,90105729,ATP2B1*,"ATP2B1*, GALNT4, LINC00936",Yes,29212778 (van der Harst P. et.al),,
rs7136259,12,90081188,89687411,89913189,90105729,,"ATP2B1, GALNT4, LINC00936",Yes,"22751097 (Lu X. et.al), 26343387 (Nikplay M. et.al), 28530674 (Howson JMM. et.al), 28714975 (Nelson CP. et.al)",,
rs7306455,12,95355541,94961765,95228173,95611240,,"FGD6, KRT19P2, NDUFA12, NR2C1",Yes,29212778 (van der Harst P. et.al),,
rs4762479,12,95495041,95101265,95365103,95703760,FGD6*,"FGD6*, MIR331, MIR3685, NDUFA12, NR2C1, VEZT",Yes,29212778 (van der Harst P. et.al),,
rs11107903,12,95507971,95114195,95365103,95703760,FGD6*,"FGD6*, MIR331, MIR3685, NDUFA12, NR2C1, VEZT",No,29212778 (van der Harst P. et.al),,
rs3184504,12,111884608,111446804,111471827,112194911,SH2B3*,"ACAD10, ATXN2, BRAP, CUX2, FAM109A, SH2B3*",Yes,"21378990 (Schunkert H. et.al), 21378988 (C4D Genetics Consortium. et.al), 23202125 (Deloukas P. et.al), 26343387 (Nikplay M. et.al), 28530674 (Howson JMM. et.al), 28714975 (Nelson CP. et.al), 29212778 (van der Harst P. et.al)",,
rs4766578,12,111904371,111466567,111471827,112194911,ATXN2*,"ACAD10, ATXN2*, BRAP, CUX2, FAM109A, SH2B3",Yes,29212778 (van der Harst P. et.al),,
rs7137828,12,111932800,111494996,111471827,112194911,ATXN2*,"ACAD10, ATXN2*, BRAP, CUX2, FAM109A, SH2B3",No,29212778 (van der Harst P. et.al),,
rs11065979,12,112059557,111621753,111843751,112331228,,"ACAD10, ALDH2, ATXN2, BRAP, MAPKAPK5, MAPKAPK5-AS1, SH2B3",Yes,"28584231 (Verweij N. et.al), 29212778 (van der Harst P. et.al)",,
rs11066280,12,112817783,112379979,112563348,112947717,HECTD4*,"HECTD4*, PTPN11, RPL6, TRAFD1",No,22751097 (Lu X. et.al),,
rs11830157,12,118265441,117827636,117890816,118541810,KSR2*,"KSR2*, RFC5, VSIG10, WSB2",Yes,"26343387 (Nikplay M. et.al), 28714975 (Nelson CP. et.al)",,
rs1169288,12,121416650,120978847,121163570,121671909,HNF1A*,"ACADS, C12orf43, DQ570466, HNF1A*, HNF1A-AS1, OASL, P2RX4, P2RX7, SPPL3",Yes,29212778 (van der Harst P. et.al),,
rs2244608,12,121416988,120979185,121163570,121671909,HNF1A*,"ACADS, C12orf43, DQ570466, HNF1A*, HNF1A-AS1, OASL, P2RX4, P2RX7, SPPL3",Yes,"28584231 (Verweij N. et.al), 28714975 (Nelson CP. et.al), 28714974 (Klarin D. et.al), 29212778 (van der Harst P. et.al)",,
rs2259816,12,121435587,120997784,121200312,121734556,HNF1A*,"C12orf43, CAMKK2, DQ570466, HNF1A*, HNF1A-AS1, OASL, P2RX4, P2RX7, SPPL3",No,19198612 (Erdmann J. et.al),,
rs2258287,12,121454313,121016510,121200312,121734556,,"C12orf43, CAMKK2, DQ570466, HNF1A, HNF1A-AS1, OASL, P2RX4, P2RX7, SPPL3",No,28530674 (Howson JMM. et.al),,
rs11057401,12,124427306,123942759,124155659,124499986,CCDC92*,"ATP6V0A2, CCDC92*, DNAH10, TCTN2, ZNF664",Yes,"28714974 (Klarin D. et.al), 29212778 (van der Harst P. et.al)",,
rs11057830,12,125307053,124822507,125262173,125627871,SCARB1*,"AACS, AX721264, BRI3BP, DHX37, DL490908, JB074994, MIR5188, SCARB1*, TRNA_Ala, TRNA_Asp, TRNA_Phe, UBC",Yes,"28209224 (Webb TR. et.al), 28530674 (Howson JMM. et.al), 28714975 (Nelson CP. et.al), 29212778 (van der Harst P. et.al)",,
rs11057840,12,125316055,124831509,125262173,125627871,SCARB1*,"AACS, AX721264, BRI3BP, DHX37, DL490908, JB074994, MIR5188, SCARB1*, TRNA_Ala, TRNA_Asp, TRNA_Phe, UBC",Yes,29212778 (van der Harst P. et.al),,
rs10128951,12,125340447,124855901,125262173,125627871,SCARB1*,"AACS, AX721264, BRI3BP, DHX37, DL490908, JB074994, MIR5188, SCARB1*, TRNA_Ala, TRNA_Asp, TRNA_Phe, UBC",Yes,29212778 (van der Harst P. et.al),,
rs9319428,13,28973621,28399484,28712642,29204020,FLT1*,"DD413682, FLT1*, HV303147, HV303168, PAN3, Y_RNA",Yes,"23202125 (Deloukas P. et.al), 26343387 (Nikplay M. et.al), 28530674 (Howson JMM. et.al), 28714975 (Nelson CP. et.al), 29212778 (van der Harst P. et.al)",,
rs9513112,13,28997702,28423565,28712642,29253093,FLT1*,"DD413682, FLT1*, HV303147, HV303168, PAN3, POMP, Y_RNA",Yes,29212778 (van der Harst P. et.al),,
rs9591012,13,33058333,32484196,32605436,33352158,N4BP2L2*,"BRCA2, FRY, MINOS1P1, N4BP2L1, N4BP2L2*, N4BP2L2-IT2, PDS5B, SNORA16, ZAR1L",Yes,29212778 (van der Harst P. et.al),,
rs7998440,13,33125206,32551069,32877907,33352158,,"BRCA2, MINOS1P1, N4BP2L1, N4BP2L2, N4BP2L2-IT2, PDS5B, SNORA16, ZAR1L",No,29212778 (van der Harst P. et.al),,
rs11840502,13,33198709,32624572,32889616,33485790,PDS5B*,"BRCA2, LINC00423, MINOS1P1, N4BP2L1, N4BP2L2, N4BP2L2-IT2, PDS5B*, SNORA16",Yes,29212778 (van der Harst P. et.al),,
rs11617955,13,110818102,110165755,110801309,111165373,COL4A1*,"COL4A1*, COL4A2",Yes,"28584231 (Verweij N. et.al), 29212778 (van der Harst P. et.al)",,
rs12866570,13,110834966,110182619,110801309,111165373,COL4A1*,"COL4A1*, COL4A2",Yes,29212778 (van der Harst P. et.al),,
rs9521678,13,110916118,110263771,110801309,111165373,COL4A1*,"COL4A1*, COL4A2, COL4A2-AS1",Yes,29212778 (van der Harst P. et.al),,
rs4773141,13,110954353,110302006,110801309,111214071,COL4A1*,"COL4A1*, COL4A2, COL4A2-AS1, RAB20",Yes,"28584231 (Verweij N. et.al), 29212778 (van der Harst P. et.al)",,
rs4773144,13,110960712,110308365,110801309,111214071,COL4A2*,"COL4A1, COL4A2*, COL4A2-AS1, RAB20",Yes,"21378990 (Schunkert H. et.al), 23202125 (Deloukas P. et.al), 26343387 (Nikplay M. et.al), 28530674 (Howson JMM. et.al), 28714975 (Nelson CP. et.al)",,
rs3809346,13,110960943,110308596,110801309,111214071,COL4A2*,"COL4A1, COL4A2*, COL4A2-AS1, RAB20",Yes,29212778 (van der Harst P. et.al),,
rs9515203,13,111049623,110397276,110801309,111358480,COL4A2*,"CARKD, CARS2, COL4A1, COL4A2*, COL4A2-AS1, RAB20",Yes,"23202125 (Deloukas P. et.al), 26343387 (Nikplay M. et.al), 28530674 (Howson JMM. et.al), 28714975 (Nelson CP. et.al), 29212778 (van der Harst P. et.al)",,
rs1317507,13,113631780,112977466,113344642,113919392,MCF2L*,"ATP11A, BC035340, BC041346, CUL4A, F10, F7, MCF2L*, MCF2L-AS1, PCID2, PROZ",Yes,29212778 (van der Harst P. et.al),,
rs2145598,14,58794001,58327283,58470807,59015549,ARID4A*,"ACTR10, ARID4A*, C14orf37, KIAA0586, PSMA3, TIMM9, TOMM20L, TRNA_Lys",Yes,29212778 (van der Harst P. et.al),,
rs10131894,14,75446879,74980176,75179849,75643349,,"ACYP1, AK096592, DLST, EIF2B2, FCF1, MLH3, NEK9, PGF, PROX2, RPS6KL1, TMED10, YLPM1, ZC2HC1C",Yes,29212778 (van der Harst P. et.al),,
rs7145159,14,75583268,75116565,75348593,75763111,NEK9*,"ACYP1, DLST, EIF2B2, FOS, LOC731223, MLH3, NEK9*, PGF, RPS6KL1, TMED10, U2, ZC2HC1C",Yes,29212778 (van der Harst P. et.al),,
rs3832966,14,75614504,75147801,75348593,75763111,TMED10*,"ACYP1, DLST, EIF2B2, FOS, LOC731223, MLH3, NEK9, PGF, RPS6KL1, TMED10*, U2, ZC2HC1C",No,28584231 (Verweij N. et.al),,
rs112635299,14,94838142,94371805,94594117,95090390,,"IFI27L2, PPP4R4, SERPINA10, SERPINA11, SERPINA12, SERPINA1, SERPINA3, SERPINA4, SERPINA5, SERPINA6, SERPINA9",Yes,29212778 (van der Harst P. et.al),,
rs2895811,14,100133942,99667605,99864082,100408395,HHIPL1*,"CCDC85C, CCNK, CYP46A1, EML1, HHIPL1*, MIR5698, SETD3, Y_RNA",Yes,"21378990 (Schunkert H. et.al), 23202125 (Deloukas P. et.al), 26343387 (Nikplay M. et.al), 28530674 (Howson JMM. et.al), 28714975 (Nelson CP. et.al), 29212778 (van der Harst P. et.al)",,
rs10139550,14,100145710,99679373,99864082,100408395,,"CCDC85C, CCNK, CYP46A1, EML1, HHIPL1, MIR5698, SETD3, Y_RNA",No,28584231 (Verweij N. et.al),,
rs8003602,14,100148961,99682624,99864082,100408395,,"CCDC85C, CCNK, CYP46A1, EML1, HHIPL1, MIR5698, SETD3, Y_RNA",Yes,29212778 (van der Harst P. et.al),,
rs10131519,14,100359294,99892957,100111479,100610573,EML1*,"CYP46A1, EML1*, EVL, HHIPL1, Mir_342, MIR5698",Yes,29212778 (van der Harst P. et.al),,
rs6494488,15,65024204,64732005,64791618,65282251,,"ANKDD1A, MIR1272, OAZ2, PIF1, PLEKHO2, RBPMS2, SPG21, ZNF609",Yes,"28530674 (Howson JMM. et.al), 29212778 (van der Harst P. et.al)",,
rs72743461,15,67441750,67149412,67280048,67794142,SMAD3*,"AAGAB, IQCH, Mir_1302, SMAD3*",No,29212778 (van der Harst P. et.al),,
rs17293632,15,67442596,67150258,67280048,67794142,SMAD3*,"AAGAB, IQCH, Mir_1302, SMAD3*",Yes,29212778 (van der Harst P. et.al),,
rs17228058,15,67450305,67157967,67280048,67814182,SMAD3*,"AAGAB, IQCH, IQCH-AS1, Mir_1302, SMAD3*",Yes,29212778 (van der Harst P. et.al),,
rs56062135,15,67455630,67163292,67280048,67814182,SMAD3*,"AAGAB, IQCH, IQCH-AS1, Mir_1302, SMAD3*",Yes,"26343387 (Nikplay M. et.al), 28584231 (Verweij N. et.al), 28714975 (Nelson CP. et.al), 29212778 (van der Harst P. et.al)",,
rs17228212,15,67458639,67166301,67280048,67814182,SMAD3*,"AAGAB, IQCH, IQCH-AS1, Mir_1302, SMAD3*",No,17634449 (Samani NJ. et.al),,
rs62010525,15,78968310,78675968,78730517,79237420,,"ADAMTS7, AGPHD1, AX748237, CHRNA3, CHRNA5, CHRNB4, CTSH, DQ582071, DQ582208, DQ586415, DQ596823, IREB2, LOC646938, MORF4L1, PSMA4, TRNA_Lys",Yes,29212778 (van der Harst P. et.al),,
rs8039034,15,79017861,78725519,78730517,79383215,,"ADAMTS7, AGPHD1, AX748237, CHRNA3, CHRNA5, CHRNB4, CTSH, DQ582071, DQ582208, DQ586415, DQ596823, IREB2, LOC646938, MORF4L1, PSMA4, RASGRF1, TRNA_Lys",No,28584231 (Verweij N. et.al),,
rs3825807,15,79089111,78796769,78832746,79383215,ADAMTS7*,"ADAMTS7*, AX748237, CHRNA3, CHRNA5, CHRNB4, CTSH, DQ582071, DQ582208, DQ586415, DQ596823, LOC646938, MORF4L1, PSMA4, RASGRF1, TRNA_Lys",Yes,"21378990 (Schunkert H. et.al), 28530674 (Howson JMM. et.al)",,
rs4380028,15,79111093,78818751,78857861,79383215,,"ADAMTS7, AX748237, CHRNA3, CHRNA5, CHRNB4, CTSH, DQ582071, DQ582208, DQ586415, DQ596823, LOC646938, MORF4L1, RASGRF1, TRNA_Lys",Yes,"21378988 (C4D Genetics Consortium. et.al), 28530674 (Howson JMM. et.al), 29212778 (van der Harst P. et.al)",,
rs6495335,15,79117133,78824791,78857861,79383215,,"ADAMTS7, AX748237, CHRNA3, CHRNA5, CHRNB4, CTSH, DQ582071, DQ582208, DQ586415, DQ596823, LOC646938, MORF4L1, RASGRF1, TRNA_Lys",Yes,29212778 (van der Harst P. et.al),,
rs4468572,15,79124475,78832133,78857861,79383215,,"ADAMTS7, AX748237, CHRNA3, CHRNA5, CHRNB4, CTSH, DQ582071, DQ582208, DQ586415, DQ596823, LOC646938, MORF4L1, RASGRF1, TRNA_Lys",No,28584231 (Verweij N. et.al),,
rs11637783,15,79139000,78846658,78887646,79383215,,"ADAMTS7, AX748237, CHRNA3, CHRNB4, CTSH, DQ582071, DQ582208, DQ586415, DQ596823, LOC646938, MORF4L1, RASGRF1, TRNA_Lys",Yes,29212778 (van der Harst P. et.al),,
rs7173743,15,79141784,78849442,78887646,79383215,,"ADAMTS7, AX748237, CHRNA3, CHRNB4, CTSH, DQ582071, DQ582208, DQ586415, DQ596823, LOC646938, MORF4L1, RASGRF1, TRNA_Lys",Yes,"23202125 (Deloukas P. et.al), 26343387 (Nikplay M. et.al), 28714975 (Nelson CP. et.al), 29212778 (van der Harst P. et.al)",,
rs1807214,15,89565257,89022026,89346673,89860362,,"ABHD2, ACAN, FANCI, HAPLN3, L12234, MFGE8, RLBP1",No,29212778 (van der Harst P. et.al),,
rs8042271,15,89574218,89030987,89346673,89860362,,"ABHD2, ACAN, FANCI, HAPLN3, L12234, MFGE8, RLBP1",Yes,"26343387 (Nikplay M. et.al), 28714975 (Nelson CP. et.al), 29212778 (van der Harst P. et.al)",,
rs17514846,15,91416550,90873320,91073117,91844539,FURIN*,"AK055351, BC038778, BLM, CRTC3, FES, FURIN*, HDDC3, MAN2A2, PRC1, PRC1-AS1, RCCD1, SV2B, UNC45A, VPS33B",Yes,"23202125 (Deloukas P. et.al), 26343387 (Nikplay M. et.al), 28530674 (Howson JMM. et.al), 28714975 (Nelson CP. et.al), 29212778 (van der Harst P. et.al)",,
rs4932373,15,91429287,90886057,91073117,91844539,FES*,"AK055351, BC038778, BLM, CRTC3, FES*, FURIN, HDDC3, MAN2A2, PRC1, PRC1-AS1, RCCD1, SV2B, UNC45A, VPS33B",Yes,29212778 (van der Harst P. et.al),,
rs2521501,15,91437388,90894158,91073117,91844539,FES*,"AK055351, BC038778, BLM, CRTC3, FES*, FURIN, HDDC3, MAN2A2, PRC1, PRC1-AS1, RCCD1, SV2B, UNC45A, VPS33B",No,28584231 (Verweij N. et.al),,
rs17581137,15,96146414,95603185,95976321,96051076,,LINC00924,Yes,29212778 (van der Harst P. et.al),,
rs56228609,16,56987765,56953853,56764016,57272947,,"CETP, CPNE2, FAM192A, HERPUD1, MIR138-2, NLRC5, NUP93, RSPRY1, SLC12A3",Yes,29212778 (van der Harst P. et.al),,
rs12149545,16,56993161,56959249,56764016,57272947,,"CETP, CPNE2, FAM192A, HERPUD1, MIR138-2, NLRC5, NUP93, RSPRY1, SLC12A3",No,29212778 (van der Harst P. et.al),,
rs1800775,16,56995236,56961324,56764016,57272947,,"CETP, CPNE2, FAM192A, HERPUD1, MIR138-2, NLRC5, NUP93, RSPRY1, SLC12A3",Yes,"28209224 (Webb TR. et.al), 28714975 (Nelson CP. et.al), 29212778 (van der Harst P. et.al)",,
rs2000999,16,72108093,72074194,71879893,72206064,HPR*,"ATXN1L, DHODH, DHX38, HP, HPR*, IST1, PKD1L3, PMFBP1, TXNL4B, ZNF821",Yes,29212778 (van der Harst P. et.al),,
rs1050362,16,72130815,72096916,71879893,72206064,DHX38*,"ATXN1L, DHODH, DHX38*, HP, HPR, IST1, PKD1L3, PMFBP1, TXNL4B, ZNF821",Yes,"28530674 (Howson JMM. et.al), 29212778 (van der Harst P. et.al)",,
rs7202877,16,75247245,75213347,74907470,75498584,,"BCAR1, CFDP1, CTRB1, CTRB2, LDHD, TMEM170A, WDR59, ZFP1, ZNRF1",Yes,29212778 (van der Harst P. et.al),,
rs33928862,16,75308452,75274554,75032914,75528926,,"BCAR1, CFDP1, CHST6, CTRB1, CTRB2, LDHD, TMEM170A, ZFP1, ZNRF1",No,28584231 (Verweij N. et.al),,
rs4888378,16,75332041,75298143,75032914,75590184,CFDP1*,"BCAR1, CFDP1*, CHST5, CHST6, CTRB1, CTRB2, LDHD, TMEM170A, TMEM231, ZFP1, ZNRF1",Yes,29212778 (van der Harst P. et.al),,
rs3851738,16,75387533,75353635,75032914,75657221,CFDP1*,"ADAT1, BCAR1, CFDP1*, CHST5, CHST6, CTRB1, CTRB2, GABARAPL2, LDHD, TMEM170A, TMEM231, ZFP1, ZNRF1",No,28714974 (Klarin D. et.al),,
rs8046696,16,75442143,75408245,75182420,75691341,CFDP1*,"ADAT1, BCAR1, CFDP1*, CHST5, CHST6, CTRB1, CTRB2, GABARAPL2, KARS, TERF2IP, TMEM170A, TMEM231, ZFP1",No,29212778 (van der Harst P. et.al),,
rs12930452,16,75462055,75428157,75237993,75691341,CFDP1*,"ADAT1, BCAR1, CFDP1*, CHST5, CHST6, CTRB1, CTRB2, GABARAPL2, KARS, TERF2IP, TMEM170A, TMEM231",Yes,29212778 (van der Harst P. et.al),,
rs7342694,16,81903800,81870195,81478774,82132139,PLCG2*,"7SK, BC040927, CMIP, HSD17B2, LOC100129617, PLCG2*, SDR42E1",Yes,29212778 (van der Harst P. et.al),,
rs7199941,16,81906423,81872818,81478774,82132139,PLCG2*,"7SK, BC040927, CMIP, HSD17B2, LOC100129617, PLCG2*, SDR42E1",Yes,29212778 (van der Harst P. et.al),,
rs7209460,17,2048713,2145419,1733272,2304258,SMG6*,"AJ276246, BC040634, DPH1, HIC1, MIR132, MIR212, MNT, OVCA2, RPA1, RTN4RL1, SGSM2, SMG6*, SNORD91A, SNORD91B, SRR, TSR1",Yes,29212778 (van der Harst P. et.al),,
rs903160,17,2091765,2188471,1837970,2415200,SMG6*,"AJ276246, BC040634, DPH1, HIC1, LOC284009, METTL16, MIR132, MIR212, MNT, OVCA2, RTN4RL1, SGSM2, SMG6*, SNORD91A, SNORD91B, SRR, TSR1",Yes,29212778 (van der Harst P. et.al),,
rs2281727,17,2117945,2214651,1837970,2415200,SMG6*,"AJ276246, BC040634, DPH1, HIC1, LOC284009, METTL16, MIR132, MIR212, MNT, OVCA2, RTN4RL1, SGSM2, SMG6*, SNORD91A, SNORD91B, SRR, TSR1",Yes,"23202125 (Deloukas P. et.al), 28530674 (Howson JMM. et.al)",,
rs216172,17,2126504,2223210,1837970,2415200,SMG6*,"AJ276246, BC040634, DPH1, HIC1, LOC284009, METTL16, MIR132, MIR212, MNT, OVCA2, RTN4RL1, SGSM2, SMG6*, SNORD91A, SNORD91B, SRR, TSR1",Yes,"21378990 (Schunkert H. et.al), 26343387 (Nikplay M. et.al), 28714975 (Nelson CP. et.al)",,
rs9914266,17,2133250,2229956,1837970,2415200,SMG6*,"AJ276246, BC040634, DPH1, HIC1, LOC284009, METTL16, MIR132, MIR212, MNT, OVCA2, RTN4RL1, SGSM2, SMG6*, SNORD91A, SNORD91B, SRR, TSR1",No,28584231 (Verweij N. et.al),,
rs170041,17,2170216,2266922,1837970,2415200,SMG6*,"AJ276246, BC040634, DPH1, HIC1, LOC284009, METTL16, MIR132, MIR212, MNT, OVCA2, RTN4RL1, SGSM2, SMG6*, SNORD91A, SNORD91B, SRR, TSR1",Yes,29212778 (van der Harst P. et.al),,
rs12936587,17,17543722,17640408,17322657,17875784,,"MED9, MIR33B, PEMT, RAI1, RASD1, SMCR5, SMCR9, SREBF1, TOM1L2",Yes,"21378990 (Schunkert H. et.al), 23202125 (Deloukas P. et.al), 26343387 (Nikplay M. et.al), 28530674 (Howson JMM. et.al), 28714975 (Nelson CP. et.al), 29212778 (van der Harst P. et.al)",,
rs7220401,17,27935688,29608670,27717679,28257018,ANKRD13B*,"ABHD15, ANKRD13B*, CORO6, GIT1, MIR4523, SSH2, TAOK1, TP53I13, U6",Yes,29212778 (van der Harst P. et.al),,
rs11080107,17,27938424,29611406,27717679,28257018,ANKRD13B*,"ABHD15, ANKRD13B*, CORO6, GIT1, MIR4523, SSH2, TAOK1, TP53I13, U6",No,29212778 (van der Harst P. et.al),,
rs13723,17,27941886,29614868,27717679,28257018,CORO6*,"ABHD15, ANKRD13B, CORO6*, GIT1, MIR4523, SSH2, TAOK1, TP53I13, U6",Yes,29212778 (van der Harst P. et.al),,
rs76954792,17,30033514,31706495,29718641,30328057,,"COPRS, mir-108-1, MIR193A, MIR365B, MIR4725, RAB11FIP4, SUZ12, TRNA, U6atac, UTP6",Yes,29212778 (van der Harst P. et.al),,
rs2074158,17,40257163,42105145,40009798,40540513,DHX58*,"ACLY, AK092965, CNP, DHX58*, DNAJC7, GHDC, HCRT, HSPB9, KAT2A, KCNH4, KLHL11, NKIRAS2, RAB5C, STAT3, STAT5A, STAT5B, TTC25, ZNF385C",Yes,29212778 (van der Harst P. et.al),,
rs2074164,17,40270238,42118220,40009798,40540513,KAT2A*,"ACLY, AK092965, CNP, DHX58, DNAJC7, GHDC, HCRT, HSPB9, KAT2A*, KCNH4, KLHL11, NKIRAS2, RAB5C, STAT3, STAT5A, STAT5B, TTC25, ZNF385C",No,29212778 (van der Harst P. et.al),,
rs17608766,17,45013271,46935905,44668034,45266665,GOSR2*,"ARL17, CDC27, DQ597730, GOSR2*, LOC51326, MIR5089, NSF, RPRML, WNT3, WNT9B",Yes,"28530674 (Howson JMM. et.al), 29212778 (van der Harst P. et.al)",,
rs46522,17,46988597,48911235,46799081,47247351,UBE2Z*,"ATP5G1, B4GALNT2, CALCOCO2, GIP, HOXB13, HOXB-AS5, IGF2BP1, MIR3185, PRAC, SNF8, TTLL6, UBE2Z*",Yes,"21378990 (Schunkert H. et.al), 26343387 (Nikplay M. et.al), 28714975 (Nelson CP. et.al)",,
rs15563,17,47005193,48927831,46799081,47247351,UBE2Z*,"ATP5G1, B4GALNT2, CALCOCO2, GIP, HOXB13, HOXB-AS5, IGF2BP1, MIR3185, PRAC, SNF8, TTLL6, UBE2Z*",No,23202125 (Deloukas P. et.al),,
rs7214663,17,47037771,48960409,46799081,47300587,GIP*,"ABI3, ATP5G1, B4GALNT2, CALCOCO2, GIP*, GNGT2, HOXB13, HOXB-AS5, IGF2BP1, MIR3185, PRAC, SNF8, TRNA_Gln, TTLL6, UBE2Z",Yes,29212778 (van der Harst P. et.al),,
rs3895874,17,47047868,48970506,46799081,47300587,,"ABI3, ATP5G1, B4GALNT2, CALCOCO2, GIP, GNGT2, HOXB13, HOXB-AS5, IGF2BP1, MIR3185, PRAC, SNF8, TRNA_Gln, TTLL6, UBE2Z",Yes,29212778 (van der Harst P. et.al),,
rs35895680,17,47060322,48982960,46839592,47308128,,"ABI3, ATP5G1, B4GALNT2, CALCOCO2, GIP, GNGT2, IGF2BP1, PHOSPHO1, SNF8, TRNA_Gln, TTLL6, UBE2Z",Yes,29212778 (van der Harst P. et.al),,
rs191896574,17,47225736,49148374,46985730,47439835,B4GALNT2*,"ABI3, B4GALNT2*, FLJ40194, GIP, GNGT2, IGF2BP1, PHOSPHO1, SNF8, TRNA_Gln, UBE2Z, ZNF652",Yes,29212778 (van der Harst P. et.al),,
rs62076439,17,47404628,49327266,47210328,47661171,ZNF652*,"ABI3, AK097622, B4GALNT2, FLJ40194, GNGT2, NGFR, NXPH3, PHB, PHOSPHO1, TRNA_Gln, ZNF652*",No,29212778 (van der Harst P. et.al),,
rs16948048,17,47440466,49363104,47210328,47755525,,"ABI3, AK097622, B4GALNT2, FLJ40194, GNGT2, NGFR, NXPH3, PHB, PHOSPHO1, SPOP, TRNA_Gln, ZNF652",Yes,29212778 (van der Harst P. et.al),,
rs2233669,17,47484003,49406641,47210328,47755525,PHB*,"ABI3, AK097622, B4GALNT2, FLJ40194, GNGT2, NGFR, NXPH3, PHB*, PHOSPHO1, SPOP, TRNA_Gln, ZNF652",Yes,29212778 (van der Harst P. et.al),,
rs7502499,17,47490102,49412740,47210328,47755525,PHB*,"ABI3, AK097622, B4GALNT2, FLJ40194, GNGT2, NGFR, NXPH3, PHB*, PHOSPHO1, SPOP, TRNA_Gln, ZNF652",Yes,29212778 (van der Harst P. et.al),,
rs1867250,17,59004233,60926872,58755171,59470199,BCAS3*,"BCAS3*, TRNA_Sup",Yes,29212778 (van der Harst P. et.al),,
rs7212798,17,59013488,60936127,58863592,58863663,,TRNA_Sup,Yes,"26343387 (Nikplay M. et.al), 28584231 (Verweij N. et.al), 28714975 (Nelson CP. et.al)",,
rs8080784,17,59017025,60939664,58863592,58863663,,TRNA_Sup,Yes,29212778 (van der Harst P. et.al),,
rs1476098,17,59237013,61159652,58755171,59486827,BCAS3*,"BCAS3*, TBX2",No,29212778 (van der Harst P. et.al),,
rs8079951,17,59242764,61165403,58755171,59490641,BCAS3*,"BCAS3*, C17orf82, TBX2",Yes,29212778 (van der Harst P. et.al),,
rs1867624,17,62387091,64309731,62120389,62658386,,"CEP95, DDX5, ERN1, MILR1, MIR3064, MIR5047, PECAM1, POLG2, SMURF2, SNORA76, SNORD104, TEX2, TRNA_Thr",Yes,"28530674 (Howson JMM. et.al), 29212778 (van der Harst P. et.al)",,
rs9892152,17,62401965,64324605,62120389,62658386,PECAM1*,"CEP95, DDX5, ERN1, MILR1, MIR3064, MIR5047, PECAM1*, POLG2, SMURF2, SNORA76, SNORD104, TEX2, TRNA_Thr",No,29212778 (van der Harst P. et.al),,
rs6504218,17,62408299,64330939,62120389,62658386,,"CEP95, DDX5, ERN1, MILR1, MIR3064, MIR5047, PECAM1, POLG2, SMURF2, SNORA76, SNORD104, TEX2, TRNA_Thr",Yes,29212778 (van der Harst P. et.al),,
rs2337157,18,46526810,49000440,46065426,46987079,,"CTIF, DYM, MIR4744, SMAD7",Yes,29212778 (van der Harst P. et.al),,
rs833509,18,46528787,49002417,46065426,46987079,,"CTIF, DYM, MIR4744, SMAD7",Yes,29212778 (van der Harst P. et.al),,
rs9964304,18,47229717,49703347,46570171,47721451,,"ACAA2, C18orf32, DYM, LIPG, MIR1539, MYO5B, RPL17-C18orf32, SCARNA17, SNORD58A, SNORD58C, Y_RNA",Yes,29212778 (van der Harst P. et.al),,
rs663129,18,57838401,60171168,57685856,58040001,,"MC4R, U6",Yes,"26343387 (Nikplay M. et.al), 28714975 (Nelson CP. et.al)",,
rs663640,18,57846077,60178844,57685856,58040001,,"MC4R, U6",No,29212778 (van der Harst P. et.al),,
rs34633411,18,57854694,60187461,57685856,58040001,,"MC4R, U6",Yes,29212778 (van der Harst P. et.al),,
rs116843064,19,8429323,8364439,8130286,8675588,ANGPTL4*,"ADAMTS10, ANGPTL4*, CD320, CERS4, FBN3, HNRNPM, JA429850, KANK3, MARCH2, MIR4999, MYO1F, NDUFA7, PRAM1, RAB11B, RAB11B-AS1, RPS28, ZNF414",Yes,"26934567 (Stitziel NO. et.al), 28714975 (Nelson CP. et.al), 29212778 (van der Harst P. et.al), 26934567 (MI Genetics and CARDIoGRAM. et.al)",,
rs1122608,19,11163601,11052925,10828728,11437672,SMARCA4*,"AF161365, C19orf38, C19orf52, C19orf80, CARM1, DNM2, DOCK6, DQ597473, KANK2, LDLR, MIR199A1, SMARCA4*, SPC24, TMED1, TSPAN16, YIPF2",Yes,"19198609 (Kathiresan S. et.al), 21378990 (Schunkert H. et.al), 23202125 (Deloukas P. et.al), 26343387 (Nikplay M. et.al), 28530674 (Howson JMM. et.al), 28714975 (Nelson CP. et.al)",,
rs55791371,19,11188153,11077477,10828728,11450344,,"AF161365, C19orf38, C19orf52, C19orf80, CARM1, DNM2, DOCK6, DQ597473, KANK2, LDLR, RAB3D, SMARCA4, SPC24, TMED1, TSPAN16, YIPF2",No,29212778 (van der Harst P. et.al),,
rs56289821,19,11188247,11077571,10828728,11450344,,"AF161365, C19orf38, C19orf52, C19orf80, CARM1, DNM2, DOCK6, DQ597473, KANK2, LDLR, RAB3D, SMARCA4, SPC24, TMED1, TSPAN16, YIPF2",Yes,"28584231 (Verweij N. et.al), 29212778 (van der Harst P. et.al)",,
rs6511720,19,11202306,11091630,10959105,11450344,LDLR*,"AF161365, C19orf38, C19orf52, C19orf80, CARM1, DOCK6, DQ597473, KANK2, LDLR*, LDLR, RAB3D, SMARCA4, SPC24, TSPAN16, YIPF2",Yes,29212778 (van der Harst P. et.al),,
rs2228671,19,11210912,11100236,10959105,11465620,LDLR*,"AF161365, C19orf38, C19orf52, C19orf80, CARM1, CCDC159, DOCK6, DQ597473, KANK2, LDLR*, LDLR, RAB3D, SMARCA4, SPC24, TMEM205, TSPAN16, YIPF2",No,21378988 (C4D Genetics Consortium. et.al),,
rs2738447,19,11227480,11116804,10959105,11476374,LDLR*,"AF161365, C19orf38, C19orf52, C19orf80, CARM1, CCDC159, DOCK6, DQ597473, KANK2, LDLR*, LDLR, LPPR2, Prion_pknot, RAB3D, SMARCA4, SPC24, TMEM205, TSPAN16, YIPF2",Yes,29212778 (van der Harst P. et.al),,
rs72658867,19,11231203,11120527,10982252,11476374,LDLR*,"AF161365, C19orf52, C19orf80, CARM1, CCDC159, DOCK6, DQ597473, KANK2, LDLR*, LDLR, LPPR2, Prion_pknot, RAB3D, SMARCA4, SPC24, TMEM205, TSPAN16, YIPF2",No,"26327206 (Gretarsdottir, Solveig. et.al)",,
rs4804573,19,11277232,11166556,10982252,11530018,KANK2*,"AF161365, C19orf52, C19orf80, CARM1, CCDC159, DOCK6, DQ597473, EPOR, KANK2*, LDLR, LPPR2, Prion_pknot, RAB3D, RGL3, SMARCA4, SPC24, SWSAP1, TMEM205, TSPAN16, YIPF2",No,28584231 (Verweij N. et.al),,
rs17616661,19,11303554,11192878,11071597,11561782,KANK2*,"AF161365, C19orf80, CCDC151, CCDC159, DOCK6, EPOR, KANK2*, LDLR, LPPR2, Prion_pknot, PRKCSH, RAB3D, RGL3, SMARCA4, SPC24, SWSAP1, TMEM205, TSPAN16",Yes,29212778 (van der Harst P. et.al),,
rs318719,19,11496981,11386305,11257830,11729974,,"ACP5, AF161365, BC039523, C19orf80, CCDC151, CCDC159, CNN1, DOCK6, ECSIT, ELAVL3, ELOF1, EPOR, KANK2, LPPR2, Prion_pknot, PRKCSH, RAB3D, RGL3, SPC24, SWSAP1, TMEM205, TSPAN16, ZNF627, ZNF653",No,29212778 (van der Harst P. et.al),,
rs167479,19,11526765,11416089,11274942,11729974,RGL3*,"ACP5, AF161365, BC039523, C19orf80, CCDC151, CCDC159, CNN1, DOCK6, ECSIT, ELAVL3, ELOF1, EPOR, KANK2, LPPR2, Prion_pknot, PRKCSH, RAB3D, RGL3*, SWSAP1, TMEM205, TSPAN16, ZNF627, ZNF653",Yes,29212778 (van der Harst P. et.al),,
rs7251815,19,17844942,17734133,17581299,18109930,MAP1S*,"B3GNT3, CCDC124, COLGALT1, FAM129C, FCHO1, INSL3, JAK3, KCNN1, MAP1S*, PGLS, RPL18A, SLC27A1, SLC5A5, SNORA68, UNC13A",No,29212778 (van der Harst P. et.al),,
rs112009435,19,17846844,17736035,17581299,18109930,,"B3GNT3, CCDC124, COLGALT1, FAM129C, FCHO1, INSL3, JAK3, KCNN1, MAP1S, PGLS, RPL18A, SLC27A1, SLC5A5, SNORA68, UNC13A",Yes,29212778 (van der Harst P. et.al),,
rs73015714,19,17855763,17744954,17581299,18109930,,"B3GNT3, CCDC124, COLGALT1, FAM129C, FCHO1, INSL3, JAK3, KCNN1, MAP1S, PGLS, RPL18A, SLC27A1, SLC5A5, SNORA68, UNC13A",Yes,29212778 (van der Harst P. et.al),,
rs11670056,19,18589943,18479133,18318770,18893143,ELL*,"C19orf60, CRLF1, CRTC1, ELL*, FKBP8, GDF15, ISYNA1, JUND, KIAA1683, KLHL26, KXD1, LRRC25, LSM4, MIR3188, MIR3189, PDE4C, PGPEP1, SSBP4, TMEM59L, UBA52",Yes,29212778 (van der Harst P. et.al),,
rs12976411,19,32882020,32391114,32836513,33166102,LOC400684*,"ANKRD27, DPY19L3, LOC400684*, PDCD5, ZNF507",Yes,"26343387 (Nikplay M. et.al), 28714975 (Nelson CP. et.al)",,
rs138120077,19,41790094,41284189,41594355,42006554,HNRNPUL1*,"ATP5SL, AXL, B3GNT8, B9D2, BCKDHA, C19orf69, CCDC97, CYP2A13, CYP2F1, CYP2S1, DQ590318, EXOSC5, HNRNPUL1*, LOC100505495, TGFB1, TRNA_Pseudo",No,28584231 (Verweij N. et.al),,
rs73045269,19,41825191,41319286,41594355,42006554,CCDC97*,"ATP5SL, AXL, B3GNT8, B9D2, BCKDHA, C19orf69, CCDC97*, CYP2A13, CYP2F1, CYP2S1, DQ590318, EXOSC5, HNRNPUL1, LOC100505495, TGFB1, TRNA_Pseudo",Yes,29212778 (van der Harst P. et.al),,
rs12980942,19,41832231,41326326,41594355,42006554,,"ATP5SL, AXL, B3GNT8, B9D2, BCKDHA, C19orf69, CCDC97, CYP2A13, CYP2F1, CYP2S1, DQ590318, EXOSC5, HNRNPUL1, LOC100505495, TGFB1, TRNA_Pseudo",Yes,29212778 (van der Harst P. et.al),,
rs4803455,19,41851509,41345604,41594355,42093197,TGFB1*,"ATP5SL, AXL, B3GNT8, B9D2, BCKDHA, C19orf69, CCDC97, CEACAM21, CYP2A13, CYP2F1, CYP2S1, DQ590318, EXOSC5, HNRNPUL1, LOC100505495, TGFB1*, TRNA_Pseudo",Yes,29212778 (van der Harst P. et.al),,
rs2288874,19,41852775,41346870,41620352,42093197,TGFB1*,"ATP5SL, AXL, B3GNT8, B9D2, BCKDHA, C19orf69, CCDC97, CEACAM21, CYP2F1, CYP2S1, DQ590318, EXOSC5, HNRNPUL1, LOC100505495, TGFB1*, TRNA_Pseudo",Yes,29212778 (van der Harst P. et.al),,
rs8108632,19,41854534,41348629,41620352,42093197,TGFB1*,"ATP5SL, AXL, B3GNT8, B9D2, BCKDHA, C19orf69, CCDC97, CEACAM21, CYP2F1, CYP2S1, DQ590318, EXOSC5, HNRNPUL1, LOC100505495, TGFB1*, TRNA_Pseudo",Yes,"28584231 (Verweij N. et.al), 28714975 (Nelson CP. et.al), 28714974 (Klarin D. et.al)",,
rs2241714,19,41869392,41363487,41620352,42093197,B9D2*,"ATP5SL, AXL, B3GNT8, B9D2*, BCKDHA, C19orf69, CCDC97, CEACAM21, CYP2F1, CYP2S1, DQ590318, EXOSC5, HNRNPUL1, LOC100505495, TGFB1, TRNA_Pseudo",Yes,29212778 (van der Harst P. et.al),,
rs2075650,19,45395619,44892362,45147097,45650543,TOMM40*,"APOC1, APOC1P1, APOC4-APOC2, APOE, BCAM, BCL3, CBLC, CEACAM16, CEACAM19, CLASRP, CLPTM1, GEMIN7, MIR4531, PPP1R37, PVR, PVRL2, RELB, TOMM40*, ZNF296",Yes,"23202125 (Deloukas P. et.al), 26343387 (Nikplay M. et.al), 28530674 (Howson JMM. et.al), 28714975 (Nelson CP. et.al)",,
rs7412,19,45412079,44908822,45147097,45663408,APOE*,"APOC1, APOC1P1, APOC4-APOC2, APOE*, BCAM, BCL3, CBLC, CEACAM16, CEACAM19, CLASRP, CLPTM1, GEMIN7, NKPD1, PPP1R37, PVR, PVRL2, RELB, TOMM40, ZNF296",Yes,"28584231 (Verweij N. et.al), 29212778 (van der Harst P. et.al), 29083407 (Lu, Xiangfeng. et.al), 27872105 (Natarajan, Pradeep. et.al)",,
rs72654473,19,45414399,44911142,45147097,45663408,,"APOC1, APOC1P1, APOC4-APOC2, APOE, BCAM, BCL3, CBLC, CEACAM16, CEACAM19, CLASRP, CLPTM1, GEMIN7, NKPD1, PPP1R37, PVR, PVRL2, RELB, TOMM40, ZNF296",Yes,29212778 (van der Harst P. et.al),,
rs445925,19,45415640,44912383,45147097,45663408,,"APOC1, APOC1P1, APOC4-APOC2, APOE, BCAM, BCL3, CBLC, CEACAM16, CEACAM19, CLASRP, CLPTM1, GEMIN7, NKPD1, PPP1R37, PVR, PVRL2, RELB, TOMM40, ZNF296",Yes,"23202125 (Deloukas P. et.al), 26343387 (Nikplay M. et.al), 28530674 (Howson JMM. et.al), 28714975 (Nelson CP. et.al)",,
rs4420638,19,45422946,44919689,45174723,45681501,,"APOC1, APOC1P1, APOC4-APOC2, APOE, BCAM, BCL3, CBLC, CEACAM16, CEACAM19, CLASRP, CLPTM1, GEMIN7, NKPD1, PPP1R37, PVRL2, RELB, TOMM40, TRAPPC6A, ZNF296",Yes,"17554300 (Welcome Trust Case Control Consortium. et.al), 28584231 (Verweij N. et.al), 29212778 (van der Harst P. et.al)",,
rs11673093,19,45742094,45238836,45458598,46000313,,"BLOC1S3, CD3EAP, CKM, CLASRP, CLPTM1, ERCC1, ERCC2, EXOC3L2, FOSB, GEMIN7, KLC3, MARK4, NKPD1, PPP1R13L, PPP1R37, RELB, RTN2, TRAPPC6A, TRNA_SeC, ZNF296",Yes,29212778 (van der Harst P. et.al),,
rs8111989,19,45809208,45305950,45542297,46088122,,"BLOC1S3, CD3EAP, CKM, CLASRP, ERCC1, ERCC2, EXOC3L2, FOSB, GEMIN7, KLC3, MARK4, NKPD1, OPA3, PPM1N, PPP1R13L, PPP1R37, RTN2, TRAPPC6A, TRNA_SeC, VASP, ZNF296",Yes,29212778 (van der Harst P. et.al),,
rs1964272,19,46190268,45687010,45971252,46418036,,"AX746967, DMPK, DMWD, EML2, FBXO46, FOSB, FOXA3, GIPR, GPR4, IRF2BP1, LOC100287177, LOC388553, MIR330, MIR642A, MIR642B, MYPOP, NANOS2, OPA3, PPM1N, QPCTL, RSPH6A, RTN2, SIX5, SNRPD2, SYMPK, TRNA_SeC, VASP",No,28714975 (Nelson CP. et.al),,
rs8103278,19,46370381,45867123,46112657,46580887,FOXA3*,"AK096622, AX746967, CCDC61, DMPK, DMWD, EML2, FBXO46, FOXA3*, GIPR, IGFL4, IRF2BP1, LOC100287177, LOC388553, MIR330, MIR642A, MIR642B, MIR769, MYPOP, NANOS2, NOVA2, PGLYRP1, QPCTL, RSPH6A, SIX5, SNRPD2, SYMPK",Yes,29212778 (van der Harst P. et.al),,
rs6088590,20,33313566,34725762,32951040,33590240,NCOA6*,"ACSS2, DYNLRB1, GGT7, GSS, HMGB3P1, ITCH, MAP1LC3A, MYH7B, NCOA6*, PIGU, TP53INP2",Yes,29212778 (van der Harst P. et.al),,
rs867186,20,33764554,35176751,33464327,33999945,PROCR*,"7SK, ACSS2, EDEM2, EIF6, FAM83C, GSS, MIR499A, MIR499B, MMP24, MYH7B, PROCR*, SNORD56, TRPC4AP, UQCC",Yes,"28530674 (Howson JMM. et.al), 29212778 (van der Harst P. et.al)",,
rs6129767,20,39822332,41193692,39634673,40247133,ZHX3*,"AK023614, BC035080, CHD6, EMILIN3, LPIN3, PLCG1, TOP1, ZHX3*",Yes,29212778 (van der Harst P. et.al),,
rs6102343,20,39924279,41295639,39657461,40247133,ZHX3*,"BC035080, CHD6, EMILIN3, LPIN3, PLCG1, TOP1, ZHX3*",Yes,29212778 (van der Harst P. et.al),,
rs3827066,20,44586023,45957384,44330654,44937137,ZNF335*,"ACOT8, CD40, CDH22, CTSA, DNTTIP1, MMP9, NCOA5, NEURL2, PCIF1, PLTP, SLC12A5, SNX21, SPATA25, SPINT4, TNNC2, U6atac, UBE2C, WFDC13, WFDC3, ZNF335*, ZSWIM1, ZSWIM3",Yes,29212778 (van der Harst P. et.al),,
rs56313611,20,47456856,48840319,47240792,47713497,,"ARFGEF2, CSE1L, FKSG56, PREX1",Yes,29212778 (van der Harst P. et.al),,
rs236710,20,57693629,59118574,57414794,57901047,,"ATP5E, CTSZ, EDN3, GNAS, NELFCD, SLMO2, TUBB1, ZNF831",Yes,29212778 (van der Harst P. et.al),,
rs260020,20,57714025,59138970,57414794,57901047,,"ATP5E, CTSZ, EDN3, GNAS, NELFCD, SLMO2, TUBB1, ZNF831",Yes,29212778 (van der Harst P. et.al),,
rs2832227,21,30533076,29160755,30300465,30718469,MAP3K7CL*,"BACH1, CCT8, LINC00189, LTN1, MAP3K7CL*, RWDD2B, U3, USP16",Yes,29212778 (van der Harst P. et.al),,
rs73193808,21,30535302,29162981,30300465,30718469,MAP3K7CL*,"BACH1, CCT8, LINC00189, LTN1, MAP3K7CL*, RWDD2B, U3, USP16",Yes,29212778 (van der Harst P. et.al),,
rs28451064,21,35593827,34221526,35445822,35828107,,"BC049386, KCNE1, KCNE2, LINC00310, MRPS6, SLC5A3, SMIM11",Yes,"28584231 (Verweij N. et.al), 29212778 (van der Harst P. et.al)",,
rs9982601,21,35599128,34226827,35445822,35828107,,"BC049386, KCNE1, KCNE2, LINC00310, MRPS6, SLC5A3, SMIM11",Yes,"19198609 (Kathiresan S. et.al), 21378990 (Schunkert H. et.al), 23202125 (Deloukas P. et.al), 26343387 (Nikplay M. et.al), 28530674 (Howson JMM. et.al), 28714975 (Nelson CP. et.al), 29212778 (van der Harst P. et.al)",,
rs7278204,21,35621365,34249064,35445822,35828107,,"BC049386, KCNE1, KCNE2, LINC00310, MRPS6, SLC5A3, SMIM11",No,21378988 (C4D Genetics Consortium. et.al),,
rs180803,22,24658858,24262890,24407764,24922553,,"ADORA2A, ADORA2A-AS1, CABIN1, DQ571461, DQ576853, GGT5, SPECC1L, SUSD2, UNQ2565, UPB1",Yes,"26343387 (Nikplay M. et.al), 28714975 (Nelson CP. et.al)",,
rs5760293,22,24662171,24266203,24407764,24922553,,"ADORA2A, ADORA2A-AS1, CABIN1, DQ571461, DQ576853, GGT5, SPECC1L, SUSD2, UNQ2565, UPB1",Yes,29212778 (van der Harst P. et.al),,
rs6001960,22,40943032,40547028,40573928,41215392,MKL1*,"ADSL, HV452684, MCHR1, MKL1*, SGSM3, SLC25A17, TNRC6B",Yes,29212778 (van der Harst P. et.al),,